"Name","Length","FullName"
"Export_2026-05-21_18-35-50-104.xlsx","94225","H:\Delade enheter\Milj?beslut\GEodata\Export_2026-05-21_18-35-50-104.xlsx"
"ccs_area_of_interest.zip","15199","H:\Delade enheter\Milj?beslut\GEodata\ccs_area_of_interest.zip"
"lm_import.ps1","3303","H:\Delade enheter\Milj?beslut\GEodata\lm_import.ps1"
"lm_ogr2ogr_import.ps1","4860","H:\Delade enheter\Milj?beslut\GEodata\lm_ogr2ogr_import.ps1"
"BU.Ruins.gfs","1550","H:\Delade enheter\Milj?beslut\GEodata\BU.Ruins.gfs"
"borrhal_ccs.zip","171162","H:\Delade enheter\Milj?beslut\GEodata\borrhal_ccs.zip"
"ER_FossilFuelResource_SGU_epsg3006.zip","350260","H:\Delade enheter\Milj?beslut\GEodata\ER_FossilFuelResource_SGU_epsg3006.zip"
"geofysik-flyg-em-slingram-detaljerad.zip","321759","H:\Delade enheter\Milj?beslut\GEodata\geofysik-flyg-em-slingram-detaljerad.zip"
"modaldata-varmeledningstal.zip","598061","H:\Delade enheter\Milj?beslut\GEodata\modaldata-varmeledningstal.zip"
"fiberhaltiga-sediment (1).zip","738979","H:\Delade enheter\Milj?beslut\GEodata\fiberhaltiga-sediment (1).zip"
"geofysik-flyg-magnetfalt-detaljerad.zip","668787","H:\Delade enheter\Milj?beslut\GEodata\geofysik-flyg-magnetfalt-detaljerad.zip"
"fiberhaltiga-sediment.zip","738979","H:\Delade enheter\Milj?beslut\GEodata\fiberhaltiga-sediment.zip"
"malmer-anrikningsverk.zip","557841","H:\Delade enheter\Milj?beslut\GEodata\malmer-anrikningsverk.zip"
"geofysik-mark-seismik.zip","358325","H:\Delade enheter\Milj?beslut\GEodata\geofysik-mark-seismik.zip"
"geofysik-flyg-gammastralning-detaljerad.zip","446943","H:\Delade enheter\Milj?beslut\GEodata\geofysik-flyg-gammastralning-detaljerad.zip"
"marina-sedimentprov.zip","853286","H:\Delade enheter\Milj?beslut\GEodata\marina-sedimentprov.zip"
"Lastkajen2_API_Information.pdf","947518","H:\Delade enheter\Milj?beslut\GEodata\Lastkajen2_API_Information.pdf"
"svaghetszoner.zip","677851","H:\Delade enheter\Milj?beslut\GEodata\svaghetszoner.zip"
"1_skane_land.zip","1008797868","H:\Delade enheter\Milj?beslut\GEodata\1_skane_land.zip"
"2025-151-1.zip","1506835088","H:\Delade enheter\Milj?beslut\GEodata\2025-151-1.zip"
"2025-187-1.zip","289793670","H:\Delade enheter\Milj?beslut\GEodata\2025-187-1.zip"
"2025-259-2.zip","873494298","H:\Delade enheter\Milj?beslut\GEodata\2025-259-2.zip"
"AI_och_Sveriges_byggavfall.mp4","50722490","H:\Delade enheter\Milj?beslut\GEodata\AI_och_Sveriges_byggavfall.mp4"
"Avrinningsomr?de egenskaper  vattenkemi.zip","159282766","H:\Delade enheter\Milj?beslut\GEodata\Avrinningsomr?de egenskaper  vattenkemi.zip"
"backscatter.zip","10903190","H:\Delade enheter\Milj?beslut\GEodata\backscatter.zip"
"backscatter (1).zip","23766082","H:\Delade enheter\Milj?beslut\GEodata\backscatter (1).zip"
"bergets-alder.zip","2398401","H:\Delade enheter\Milj?beslut\GEodata\bergets-alder.zip"
"bergartskemi.zip","70871531","H:\Delade enheter\Milj?beslut\GEodata\bergartskemi.zip"
"berggrund1miljon.zip","12086613","H:\Delade enheter\Milj?beslut\GEodata\berggrund1miljon.zip"
"berggrund50k-250k (1).zip","483493355","H:\Delade enheter\Milj?beslut\GEodata\berggrund50k-250k (1).zip"
"berggrund50k-250k.zip","483493355","H:\Delade enheter\Milj?beslut\GEodata\berggrund50k-250k.zip"
"berggrundsobservationer.zip","164841393","H:\Delade enheter\Milj?beslut\GEodata\berggrundsobservationer.zip"
"bergkvalitet.zip","25330950","H:\Delade enheter\Milj?beslut\GEodata\bergkvalitet.zip"
"biogeokemi-regional.zip","13418566","H:\Delade enheter\Milj?beslut\GEodata\biogeokemi-regional.zip"
"biology (1).zip","123205586","H:\Delade enheter\Milj?beslut\GEodata\biology (1).zip"
"biology.zip","77775754","H:\Delade enheter\Milj?beslut\GEodata\biology.zip"
"borrhal.zip","3361908","H:\Delade enheter\Milj?beslut\GEodata\borrhal.zip"
"Brandriskdata_2022.zip","460490390","H:\Delade enheter\Milj?beslut\GEodata\Brandriskdata_2022.zip"
"brunnar.zip","229945758","H:\Delade enheter\Milj?beslut\GEodata\brunnar.zip"
"BU.Ruins.gml","270580120","H:\Delade enheter\Milj?beslut\GEodata\BU.Ruins.gml"
"depth (1).zip","242790630","H:\Delade enheter\Milj?beslut\GEodata\depth (1).zip"
"depth.zip","70762291","H:\Delade enheter\Milj?beslut\GEodata\depth.zip"
"Export_2026-05-21_18-35-18-750.csv","3373887","H:\Delade enheter\Milj?beslut\GEodata\Export_2026-05-21_18-35-18-750.csv"
"Fastighetsinformation.zip","3276235565","H:\Delade enheter\Milj?beslut\GEodata\Fastighetsinformation.zip"
"fastmark.zip","1743965839","H:\Delade enheter\Milj?beslut\GEodata\fastmark.zip"
"forutsattningar-skred-finkornig-jordart.zip","354736394","H:\Delade enheter\Milj?beslut\GEodata\forutsattningar-skred-finkornig-jordart.zip"
"genomslapplighet.zip","1744587763","H:\Delade enheter\Milj?beslut\GEodata\genomslapplighet.zip"
"geofysik-mark-markradar.zip","17906409","H:\Delade enheter\Milj?beslut\GEodata\geofysik-mark-markradar.zip"
"geofysik-mark-tyngdkraft.zip","28212306","H:\Delade enheter\Milj?beslut\GEodata\geofysik-mark-tyngdkraft.zip"
"GE_SGU_Bedrock_1M_epsg3006.zip","13855870","H:\Delade enheter\Milj?beslut\GEodata\GE_SGU_Bedrock_1M_epsg3006.zip"
"geokemisk-atlas-over-sverige.pdf","93124901","H:\Delade enheter\Milj?beslut\GEodata\geokemisk-atlas-over-sverige.pdf"
"GE_SGU_Bedrock_50K-250K_epsg3006.zip","226010109","H:\Delade enheter\Milj?beslut\GEodata\GE_SGU_Bedrock_50K-250K_epsg3006.zip"
"GE_SGU_Geophysics_epsg3006.zip","64248208","H:\Delade enheter\Milj?beslut\GEodata\GE_SGU_Geophysics_epsg3006.zip"
"grundvattenforekomster.zip","44646703","H:\Delade enheter\Milj?beslut\GEodata\grundvattenforekomster.zip"
"grundvattenkvalitet-analysresultat-provplatser-v2.zip","158037860","H:\Delade enheter\Milj?beslut\GEodata\grundvattenkvalitet-analysresultat-provplatser-v2.zip"
"grundvattenmagasin.zip","83057267","H:\Delade enheter\Milj?beslut\GEodata\grundvattenmagasin.zip"
"grundvattennivaer-observerade.zip","208901241","H:\Delade enheter\Milj?beslut\GEodata\grundvattennivaer-observerade.zip"
"grus-krossberg.zip","7042050","H:\Delade enheter\Milj?beslut\GEodata\grus-krossberg.zip"
"helcom_hub (1).zip","81747871","H:\Delade enheter\Milj?beslut\GEodata\helcom_hub (1).zip"
"helcom_hub.zip","37799870","H:\Delade enheter\Milj?beslut\GEodata\helcom_hub.zip"
"hydraulisk-konduktivitet-berg (1).zip","173850098","H:\Delade enheter\Milj?beslut\GEodata\hydraulisk-konduktivitet-berg (1).zip"
"hydraulisk-konduktivitet-berg.zip","173850098","H:\Delade enheter\Milj?beslut\GEodata\hydraulisk-konduktivitet-berg.zip"
"israfflor.zip","7606418","H:\Delade enheter\Milj?beslut\GEodata\israfflor.zip"
"jordarter1miljon.zip","15585536","H:\Delade enheter\Milj?beslut\GEodata\jordarter1miljon.zip"
"jordarter200k.zip","12483566","H:\Delade enheter\Milj?beslut\GEodata\jordarter200k.zip"
"jordarter250k.zip","130051561","H:\Delade enheter\Milj?beslut\GEodata\jordarter250k.zip"
"jordarter750k.zip","20498915","H:\Delade enheter\Milj?beslut\GEodata\jordarter750k.zip"
"jordarter25k-100k.zip","3378252138","H:\Delade enheter\Milj?beslut\GEodata\jordarter25k-100k.zip"
"Jordartskrtering.pdf","2814224","H:\Delade enheter\Milj?beslut\GEodata\Jordartskrtering.pdf"
"jordartsanalyser.zip","1775024","H:\Delade enheter\Milj?beslut\GEodata\jordartsanalyser.zip"
"jordlagerfoljder.zip","14930393","H:\Delade enheter\Milj?beslut\GEodata\jordlagerfoljder.zip"
"jorddjupsobservationer.zip","83172196","H:\Delade enheter\Milj?beslut\GEodata\jorddjupsobservationer.zip"
"klassificering-stangda-utvinningsavfallsanlaggningar.zip","7707625","H:\Delade enheter\Milj?beslut\GEodata\klassificering-stangda-utvinningsavfallsanlaggningar.zip"
"kallor.zip","1861774","H:\Delade enheter\Milj?beslut\GEodata\kallor.zip"
"jordskred-raviner.zip","7361843","H:\Delade enheter\Milj?beslut\GEodata\jordskred-raviner.zip"
"klimatindikatorer-sgu-hype-omraden.zip","298901980","H:\Delade enheter\Milj?beslut\GEodata\klimatindikatorer-sgu-hype-omraden.zip"
"markgeokemi-regional.zip","29122064","H:\Delade enheter\Milj?beslut\GEodata\markgeokemi-regional.zip"
"maringeologi25k.zip","24220920","H:\Delade enheter\Milj?beslut\GEodata\maringeologi25k.zip"
"mbes_se_baltic_marine.zip","28142753","H:\Delade enheter\Milj?beslut\GEodata\mbes_se_baltic_marine.zip"
"mbes_skane_marine.zip","150517182","H:\Delade enheter\Milj?beslut\GEodata\mbes_skane_marine.zip"
"mineralrattigheter.zip","2525044","H:\Delade enheter\Milj?beslut\GEodata\mineralrattigheter.zip"
"miljogifter-analysresultat-provplatser.zip","282093561","H:\Delade enheter\Milj?beslut\GEodata\miljogifter-analysresultat-provplatser.zip"
"mineralresurser.zip","5203210","H:\Delade enheter\Milj?beslut\GEodata\mineralresurser.zip"
"natura_2000.zip","10889962","H:\Delade enheter\Milj?beslut\GEodata\natura_2000.zip"
"sbp_skane_marine.zip","4112753","H:\Delade enheter\Milj?beslut\GEodata\sbp_skane_marine.zip"
"sgu_ytsub (1).zip","2460796","H:\Delade enheter\Milj?beslut\GEodata\sgu_ytsub (1).zip"
"petrofysik-gammastralning.zip","3928109","H:\Delade enheter\Milj?beslut\GEodata\petrofysik-gammastralning.zip"
"sgu_ytsub.zip","2460796","H:\Delade enheter\Milj?beslut\GEodata\sgu_ytsub.zip"
"sgu_ytsub (2).zip","4646052","H:\Delade enheter\Milj?beslut\GEodata\sgu_ytsub (2).zip"
"stranderosion-kust.zip","111826656","H:\Delade enheter\Milj?beslut\GEodata\stranderosion-kust.zip"
"stranders-jordart-eroderbarhet.zip","172846786","H:\Delade enheter\Milj?beslut\GEodata\stranders-jordart-eroderbarhet.zip"
"strandforskjutningsmodell.zip","3521291825","H:\Delade enheter\Milj?beslut\GEodata\strandforskjutningsmodell.zip"
"substrate (1).zip","240631356","H:\Delade enheter\Milj?beslut\GEodata\substrate (1).zip"
"substrate.zip","156524260","H:\Delade enheter\Milj?beslut\GEodata\substrate.zip"
"sur-sulfatjord.zip","70041827","H:\Delade enheter\Milj?beslut\GEodata\sur-sulfatjord.zip"
"tiff-jordartskartor.zip","25663503","H:\Delade enheter\Milj?beslut\GEodata\tiff-jordartskartor.zip"
"Topo 250.zip","326056806","H:\Delade enheter\Milj?beslut\GEodata\Topo 250.zip"
"Topo 50.zip","5369777980","H:\Delade enheter\Milj?beslut\GEodata\Topo 50.zip"
"Topo1 milj.zip","24380081","H:\Delade enheter\Milj?beslut\GEodata\Topo1 milj.zip"
"Topo10.zip","11864190798","H:\Delade enheter\Milj?beslut\GEodata\Topo10.zip"
"torvlagerfoljder.zip","1581950","H:\Delade enheter\Milj?beslut\GEodata\torvlagerfoljder.zip"
"VARO_2016_8.xlsx","1684695","H:\Delade enheter\Milj?beslut\GEodata\VARO_2016_8.xlsx"
"Topo50.zip","5369778090","H:\Delade enheter\Milj?beslut\GEodata\Topo50.zip"
"Remiss_lm2026_039220 avloppsdirektiv.pdf","190888","H:\Delade enheter\Milj?beslut\GEodata\Downloads_Archive\Remiss_lm2026_039220 avloppsdirektiv.pdf"
"2024-422-1.zip","20509","H:\Delade enheter\Milj?beslut\GEodata\Downloads_Archive\2024-422-1.zip"
"PFAS-report-in-english_2022a.pdf","808197","H:\Delade enheter\Milj?beslut\GEodata\Downloads_Archive\PFAS-report-in-english_2022a.pdf"
"Registreringsbevis_559584-0389.pdf","370791","H:\Delade enheter\Milj?beslut\GEodata\Downloads_Archive\Registreringsbevis_559584-0389.pdf"
"Beteckningssystem_sv_2001_1.pdf","838662","H:\Delade enheter\Milj?beslut\GEodata\Downloads_Archive\Beteckningssystem_sv_2001_1.pdf"
"M152-SV-PM-Vattentjanstplan-komplettering-av-VA-plan.pdf","783622","H:\Delade enheter\Milj?beslut\GEodata\Downloads_Archive\M152-SV-PM-Vattentjanstplan-komplettering-av-VA-plan.pdf"
"Svenskt-Vatten-Meddelande-M155-Verbala-vitsar-enligt-Goteborgsmodellen.pdf","779846","H:\Delade enheter\Milj?beslut\GEodata\Downloads_Archive\Svenskt-Vatten-Meddelande-M155-Verbala-vitsar-enligt-Goteborgsmodellen.pdf"
"V21-B09_Sm?Avlopp_Slutrapport.pdf","938721","H:\Delade enheter\Milj?beslut\GEodata\Downloads_Archive\V21-B09_Sm?Avlopp_Slutrapport.pdf"
"00045lfb_1_1.tiff","68850260","H:\Delade enheter\Milj?beslut\GEodata\Downloads_Archive\00045lfb_1_1.tiff"
"2023-105-1-1.zip","131301504","H:\Delade enheter\Milj?beslut\GEodata\Downloads_Archive\2023-105-1-1.zip"
"2023-241-1.zip","174325367","H:\Delade enheter\Milj?beslut\GEodata\Downloads_Archive\2023-241-1.zip"
"2024-47-1.zip","14321881624","H:\Delade enheter\Milj?beslut\GEodata\Downloads_Archive\2024-47-1.zip"
"2025-10-SVU-rapport-Karakterisering-av-kommunalt-avloppsvatten-for-processmodellering-och-design.pdf","7612554","H:\Delade enheter\Milj?beslut\GEodata\Downloads_Archive\2025-10-SVU-rapport-Karakterisering-av-kommunalt-avloppsvatten-for-processmodellering-och-design.pdf"
"2025-1-SVU-rapport-Matning-av-utslapp-fran-markbaserade-avloppsanlaggningar-over-50-pe.pdf","3277699","H:\Delade enheter\Milj?beslut\GEodata\Downloads_Archive\2025-1-SVU-rapport-Matning-av-utslapp-fran-markbaserade-avloppsanlaggningar-over-50-pe.pdf"
"2025-17-Svenskt-Vatten-SVU-rapport-Prognoser-for-framtidens-vattenanvandning.pdf","1389316","H:\Delade enheter\Milj?beslut\GEodata\Downloads_Archive\2025-17-Svenskt-Vatten-SVU-rapport-Prognoser-for-framtidens-vattenanvandning.pdf"
"2025-11-SVU-rapport-Erfarenheter-fran-arbetet-med-vattentjanstplaner.pdf","1845841","H:\Delade enheter\Milj?beslut\GEodata\Downloads_Archive\2025-11-SVU-rapport-Erfarenheter-fran-arbetet-med-vattentjanstplaner.pdf"
"2025-14-SVU-rapport-Fran-teori-till-praktik-pa-vagen-mot-klimatneutral-VA.pdf","1708554","H:\Delade enheter\Milj?beslut\GEodata\Downloads_Archive\2025-14-SVU-rapport-Fran-teori-till-praktik-pa-vagen-mot-klimatneutral-VA.pdf"
"2025-19-SVU-rapport-Toxiska-effekter-fran-organiska-mikrofororeningar-i-avloppsvatten-och-recipienter.pdf","2218667","H:\Delade enheter\Milj?beslut\GEodata\Downloads_Archive\2025-19-SVU-rapport-Toxiska-effekter-fran-organiska-mikrofororeningar-i-avloppsvatten-och-recipienter.pdf"
"2025-20-SVU-rapport-Beslutsstod-for-dagvattenatervinning-?-vagledning-for-multikriterieanalys.pdf","2577720","H:\Delade enheter\Milj?beslut\GEodata\Downloads_Archive\2025-20-SVU-rapport-Beslutsstod-for-dagvattenatervinning-?-vagledning-for-multikriterieanalys.pdf"
"2025-187-1.zip","289793670","H:\Delade enheter\Milj?beslut\GEodata\Downloads_Archive\2025-187-1.zip"
"2025-6-SVU-rapport-Kunskap-attityder-och-vardering-av-dricksvatten.pdf","10069953","H:\Delade enheter\Milj?beslut\GEodata\Downloads_Archive\2025-6-SVU-rapport-Kunskap-attityder-och-vardering-av-dricksvatten.pdf"
"2025-4-SVU-rapport-Klimatpraktika-for-ledningsnatsprojekt-inom-VA.pdf","10431109","H:\Delade enheter\Milj?beslut\GEodata\Downloads_Archive\2025-4-SVU-rapport-Klimatpraktika-for-ledningsnatsprojekt-inom-VA.pdf"
"FaktaOmVatten_A5_140220_160518105719.pdf","2314131","H:\Delade enheter\Milj?beslut\GEodata\Downloads_Archive\FaktaOmVatten_A5_140220_160518105719.pdf"
"C_Mikrobiologiska_marktester.pdf","3444078","H:\Delade enheter\Milj?beslut\GEodata\Downloads_Archive\C_Mikrobiologiska_marktester.pdf"
"C_Mikrobiologiska_marktester (1).pdf","3444078","H:\Delade enheter\Milj?beslut\GEodata\Downloads_Archive\C_Mikrobiologiska_marktester (1).pdf"
"geokemi_all.csv","1507149","H:\Delade enheter\Milj?beslut\GEodata\Downloads_Archive\geokemi_all.csv"
"Gis-baserad massahantering.pdf","4621572","H:\Delade enheter\Milj?beslut\GEodata\Downloads_Archive\Gis-baserad massahantering.pdf"
"HB_Angs-och_betesmarksinventeringen_naturtyper.zip","67032223","H:\Delade enheter\Milj?beslut\GEodata\Downloads_Archive\HB_Angs-och_betesmarksinventeringen_naturtyper.zip"
"snd1122-1-1.0.zip","197351399","H:\Delade enheter\Milj?beslut\GEodata\Downloads_Archive\snd1122-1-1.0.zip"
"SvensktVatten-Investeringsrapport_2023.pdf","1671829","H:\Delade enheter\Milj?beslut\GEodata\Downloads_Archive\SvensktVatten-Investeringsrapport_2023.pdf"
"Svenskt-Vatten-meddelande-Kartlaggning-av-PFAS-analysmetoder-i-Sverige.pdf","2234295","H:\Delade enheter\Milj?beslut\GEodata\Downloads_Archive\Svenskt-Vatten-meddelande-Kartlaggning-av-PFAS-analysmetoder-i-Sverige.pdf"
"SV-Meddelande-Analys-Hushallens-vattenkonsumtion.pdf","1105314","H:\Delade enheter\Milj?beslut\GEodata\Downloads_Archive\SV-Meddelande-Analys-Hushallens-vattenkonsumtion.pdf"
"svu-rapport-2022-04 (1).pdf","6314264","H:\Delade enheter\Milj?beslut\GEodata\Downloads_Archive\svu-rapport-2022-04 (1).pdf"
"svu-rapport-2021-23-rev.pdf","14015052","H:\Delade enheter\Milj?beslut\GEodata\Downloads_Archive\svu-rapport-2021-23-rev.pdf"
"svu-rapport-2022-02.pdf","1897567","H:\Delade enheter\Milj?beslut\GEodata\Downloads_Archive\svu-rapport-2022-02.pdf"
"svu-rapport-2022-04.pdf","6314264","H:\Delade enheter\Milj?beslut\GEodata\Downloads_Archive\svu-rapport-2022-04.pdf"
"svu-rapport-2022-07.pdf","6809893","H:\Delade enheter\Milj?beslut\GEodata\Downloads_Archive\svu-rapport-2022-07.pdf"
"svu-rapport-2023-04.pdf","4434279","H:\Delade enheter\Milj?beslut\GEodata\Downloads_Archive\svu-rapport-2023-04.pdf"
"svu-rapport-2023-06.pdf","4635065","H:\Delade enheter\Milj?beslut\GEodata\Downloads_Archive\svu-rapport-2023-06.pdf"
"svu-rapport-2023-01.pdf","6154680","H:\Delade enheter\Milj?beslut\GEodata\Downloads_Archive\svu-rapport-2023-01.pdf"
"svu-rapport-2024-02.pdf","7358122","H:\Delade enheter\Milj?beslut\GEodata\Downloads_Archive\svu-rapport-2024-02.pdf"
"SVU-rapport_2012-16.pdf","5872509","H:\Delade enheter\Milj?beslut\GEodata\Downloads_Archive\SVU-rapport_2012-16.pdf"
"VA-Forsk_97-11.pdf","17949032","H:\Delade enheter\Milj?beslut\GEodata\Downloads_Archive\VA-Forsk_97-11.pdf"
"SVV_M134_Klimatinverkan-avloppssystem.pdf","1778364","H:\Delade enheter\Milj?beslut\GEodata\Downloads_Archive\SVV_M134_Klimatinverkan-avloppssystem.pdf"
"Verksamhetsberattelse-DagNat-2025.pdf","8288966","H:\Delade enheter\Milj?beslut\GEodata\Downloads_Archive\Verksamhetsberattelse-DagNat-2025.pdf"
"Wast-water-treatment-pains_SvensktVatten_M150.pdf","1426900","H:\Delade enheter\Milj?beslut\GEodata\Downloads_Archive\Wast-water-treatment-pains_SvensktVatten_M150.pdf"
"VA-Forsk_98-12.pdf","15842973","H:\Delade enheter\Milj?beslut\GEodata\Downloads_Archive\VA-Forsk_98-12.pdf"
"2025-151-1_count.txt","14","H:\Delade enheter\Milj?beslut\GEodata\extracted\2025-151-1_count.txt"
"2025-151-1_contents.txt","128","H:\Delade enheter\Milj?beslut\GEodata\extracted\2025-151-1_contents.txt"
"miljobeslut-2026-06-02.dump","7781218038","H:\Delade enheter\Milj?beslut\GEodata\db-backup\miljobeslut-2026-06-02.dump"
"fastighetsamfallighet_metadata.xml","9550","H:\Delade enheter\Milj?beslut\GEodata\temp_lm_test\fastighet\fastighetsamfallighet_metadata.xml"
"fastighetsamfallighet.zip","436874559","H:\Delade enheter\Milj?beslut\GEodata\temp_lm_test\fastighet\fastighetsamfallighet.zip"
"byggnad_metadata.xml","16074","H:\Delade enheter\Milj?beslut\GEodata\temp_lm_test\adress_byggnad\byggnad_metadata.xml"
"belagenhetsadress_metadata.xml","8104","H:\Delade enheter\Milj?beslut\GEodata\temp_lm_test\adress_byggnad\belagenhetsadress_metadata.xml"
"belagenhetsadress.zip","891463788","H:\Delade enheter\Milj?beslut\GEodata\temp_lm_test\adress_byggnad\belagenhetsadress.zip"
"byggnad.zip","1947362619","H:\Delade enheter\Milj?beslut\GEodata\temp_lm_test\adress_byggnad\byggnad.zip"
"byggnad_metadata.xml","16074","H:\Delade enheter\Milj?beslut\GEodata\lm_direct\adress_byggnad\byggnad_metadata.xml"
"belagenhetsadress_metadata.xml","8104","H:\Delade enheter\Milj?beslut\GEodata\lm_direct\adress_byggnad\belagenhetsadress_metadata.xml"
"belagenhetsadress.zip","891463788","H:\Delade enheter\Milj?beslut\GEodata\lm_direct\adress_byggnad\belagenhetsadress.zip"
"byggnad.zip","1947362619","H:\Delade enheter\Milj?beslut\GEodata\lm_direct\adress_byggnad\byggnad.zip"
"fastighetsamfallighet_metadata.xml","9550","H:\Delade enheter\Milj?beslut\GEodata\lm_direct\fastighet\fastighetsamfallighet_metadata.xml"
"fastighetsamfallighet.zip","436874559","H:\Delade enheter\Milj?beslut\GEodata\lm_direct\fastighet\fastighetsamfallighet.zip"
"fastighet_1.xml","66230254","H:\Delade enheter\Milj?beslut\GEodata\lm_direct\fastighet_xml\fastighet_1.xml"
"fastighet_11.xml","57688350","H:\Delade enheter\Milj?beslut\GEodata\lm_direct\fastighet_xml\fastighet_11.xml"
"fastighet_10.xml","55713646","H:\Delade enheter\Milj?beslut\GEodata\lm_direct\fastighet_xml\fastighet_10.xml"
"fastighet_12.xml","61015181","H:\Delade enheter\Milj?beslut\GEodata\lm_direct\fastighet_xml\fastighet_12.xml"
"fastighet_13.xml","53975890","H:\Delade enheter\Milj?beslut\GEodata\lm_direct\fastighet_xml\fastighet_13.xml"
"fastighet_14.xml","56732638","H:\Delade enheter\Milj?beslut\GEodata\lm_direct\fastighet_xml\fastighet_14.xml"
"fastighet_15.xml","61591102","H:\Delade enheter\Milj?beslut\GEodata\lm_direct\fastighet_xml\fastighet_15.xml"
"fastighet_16.xml","56919762","H:\Delade enheter\Milj?beslut\GEodata\lm_direct\fastighet_xml\fastighet_16.xml"
"fastighet_17.xml","54080806","H:\Delade enheter\Milj?beslut\GEodata\lm_direct\fastighet_xml\fastighet_17.xml"
"fastighet_18.xml","55814798","H:\Delade enheter\Milj?beslut\GEodata\lm_direct\fastighet_xml\fastighet_18.xml"
"fastighet_19.xml","52518993","H:\Delade enheter\Milj?beslut\GEodata\lm_direct\fastighet_xml\fastighet_19.xml"
"fastighet_2.xml","66495369","H:\Delade enheter\Milj?beslut\GEodata\lm_direct\fastighet_xml\fastighet_2.xml"
"fastighet_20.xml","52877203","H:\Delade enheter\Milj?beslut\GEodata\lm_direct\fastighet_xml\fastighet_20.xml"
"fastighet_22.xml","53974463","H:\Delade enheter\Milj?beslut\GEodata\lm_direct\fastighet_xml\fastighet_22.xml"
"fastighet_21.xml","56264385","H:\Delade enheter\Milj?beslut\GEodata\lm_direct\fastighet_xml\fastighet_21.xml"
"fastighet_23.xml","53072230","H:\Delade enheter\Milj?beslut\GEodata\lm_direct\fastighet_xml\fastighet_23.xml"
"fastighet_24.xml","54998829","H:\Delade enheter\Milj?beslut\GEodata\lm_direct\fastighet_xml\fastighet_24.xml"
"fastighet_25.xml","54279915","H:\Delade enheter\Milj?beslut\GEodata\lm_direct\fastighet_xml\fastighet_25.xml"
"fastighet_26.xml","53342174","H:\Delade enheter\Milj?beslut\GEodata\lm_direct\fastighet_xml\fastighet_26.xml"
"fastighet_27.xml","54811326","H:\Delade enheter\Milj?beslut\GEodata\lm_direct\fastighet_xml\fastighet_27.xml"
"fastighet_28.xml","54546503","H:\Delade enheter\Milj?beslut\GEodata\lm_direct\fastighet_xml\fastighet_28.xml"
"fastighet_29.xml","56455699","H:\Delade enheter\Milj?beslut\GEodata\lm_direct\fastighet_xml\fastighet_29.xml"
"fastighet_3.xml","61420271","H:\Delade enheter\Milj?beslut\GEodata\lm_direct\fastighet_xml\fastighet_3.xml"
"fastighet_30.xml","56145073","H:\Delade enheter\Milj?beslut\GEodata\lm_direct\fastighet_xml\fastighet_30.xml"
"fastighet_31.xml","52134096","H:\Delade enheter\Milj?beslut\GEodata\lm_direct\fastighet_xml\fastighet_31.xml"
"fastighet_32.xml","54787342","H:\Delade enheter\Milj?beslut\GEodata\lm_direct\fastighet_xml\fastighet_32.xml"
"fastighet_33.xml","55148130","H:\Delade enheter\Milj?beslut\GEodata\lm_direct\fastighet_xml\fastighet_33.xml"
"fastighet_35.xml","49443343","H:\Delade enheter\Milj?beslut\GEodata\lm_direct\fastighet_xml\fastighet_35.xml"
"fastighet_34.xml","51019027","H:\Delade enheter\Milj?beslut\GEodata\lm_direct\fastighet_xml\fastighet_34.xml"
"fastighet_36.xml","52004882","H:\Delade enheter\Milj?beslut\GEodata\lm_direct\fastighet_xml\fastighet_36.xml"
"fastighet_37.xml","49679670","H:\Delade enheter\Milj?beslut\GEodata\lm_direct\fastighet_xml\fastighet_37.xml"
"fastighet_38.xml","49214959","H:\Delade enheter\Milj?beslut\GEodata\lm_direct\fastighet_xml\fastighet_38.xml"
"fastighet_39.xml","52969390","H:\Delade enheter\Milj?beslut\GEodata\lm_direct\fastighet_xml\fastighet_39.xml"
"fastighet_4.xml","51431992","H:\Delade enheter\Milj?beslut\GEodata\lm_direct\fastighet_xml\fastighet_4.xml"
"fastighet_40.xml","53012717","H:\Delade enheter\Milj?beslut\GEodata\lm_direct\fastighet_xml\fastighet_40.xml"
"fastighet_41.xml","50198370","H:\Delade enheter\Milj?beslut\GEodata\lm_direct\fastighet_xml\fastighet_41.xml"
"fastighet_42.xml","51687391","H:\Delade enheter\Milj?beslut\GEodata\lm_direct\fastighet_xml\fastighet_42.xml"
"fastighet_43.xml","51194836","H:\Delade enheter\Milj?beslut\GEodata\lm_direct\fastighet_xml\fastighet_43.xml"
"fastighet_44.xml","58920785","H:\Delade enheter\Milj?beslut\GEodata\lm_direct\fastighet_xml\fastighet_44.xml"
"fastighet_45.xml","54409881","H:\Delade enheter\Milj?beslut\GEodata\lm_direct\fastighet_xml\fastighet_45.xml"
"fastighet_46.xml","55601337","H:\Delade enheter\Milj?beslut\GEodata\lm_direct\fastighet_xml\fastighet_46.xml"
"fastighet_49.xml","53211364","H:\Delade enheter\Milj?beslut\GEodata\lm_direct\fastighet_xml\fastighet_49.xml"
"fastighet_48.xml","54061760","H:\Delade enheter\Milj?beslut\GEodata\lm_direct\fastighet_xml\fastighet_48.xml"
"fastighet_47.xml","58225070","H:\Delade enheter\Milj?beslut\GEodata\lm_direct\fastighet_xml\fastighet_47.xml"
"fastighet_5.xml","54033012","H:\Delade enheter\Milj?beslut\GEodata\lm_direct\fastighet_xml\fastighet_5.xml"
"fastighet_50.xml","56698656","H:\Delade enheter\Milj?beslut\GEodata\lm_direct\fastighet_xml\fastighet_50.xml"
"fastighet_51.xml","58192783","H:\Delade enheter\Milj?beslut\GEodata\lm_direct\fastighet_xml\fastighet_51.xml"
"fastighet_52.xml","55603403","H:\Delade enheter\Milj?beslut\GEodata\lm_direct\fastighet_xml\fastighet_52.xml"
"fastighet_53.xml","55953232","H:\Delade enheter\Milj?beslut\GEodata\lm_direct\fastighet_xml\fastighet_53.xml"
"fastighet_54.xml","50535942","H:\Delade enheter\Milj?beslut\GEodata\lm_direct\fastighet_xml\fastighet_54.xml"
"fastighet_55.xml","51656508","H:\Delade enheter\Milj?beslut\GEodata\lm_direct\fastighet_xml\fastighet_55.xml"
"fastighet_56.xml","51557314","H:\Delade enheter\Milj?beslut\GEodata\lm_direct\fastighet_xml\fastighet_56.xml"
"fastighet_57.xml","56019264","H:\Delade enheter\Milj?beslut\GEodata\lm_direct\fastighet_xml\fastighet_57.xml"
"fastighet_58.xml","54170246","H:\Delade enheter\Milj?beslut\GEodata\lm_direct\fastighet_xml\fastighet_58.xml"
"fastighet_59.xml","58411721","H:\Delade enheter\Milj?beslut\GEodata\lm_direct\fastighet_xml\fastighet_59.xml"
"fastighet_6.xml","55871442","H:\Delade enheter\Milj?beslut\GEodata\lm_direct\fastighet_xml\fastighet_6.xml"
"fastighet_60.xml","53754881","H:\Delade enheter\Milj?beslut\GEodata\lm_direct\fastighet_xml\fastighet_60.xml"
"fastighet_61.xml","54994767","H:\Delade enheter\Milj?beslut\GEodata\lm_direct\fastighet_xml\fastighet_61.xml"
"fastighet_62.xml","59212831","H:\Delade enheter\Milj?beslut\GEodata\lm_direct\fastighet_xml\fastighet_62.xml"
"fastighet_63.xml","51978020","H:\Delade enheter\Milj?beslut\GEodata\lm_direct\fastighet_xml\fastighet_63.xml"
"fastighet_64.xml","54239046","H:\Delade enheter\Milj?beslut\GEodata\lm_direct\fastighet_xml\fastighet_64.xml"
"fastighet_65.xml","55287687","H:\Delade enheter\Milj?beslut\GEodata\lm_direct\fastighet_xml\fastighet_65.xml"
"fastighet_66.xml","58608379","H:\Delade enheter\Milj?beslut\GEodata\lm_direct\fastighet_xml\fastighet_66.xml"
"fastighet_67.xml","55822058","H:\Delade enheter\Milj?beslut\GEodata\lm_direct\fastighet_xml\fastighet_67.xml"
"fastighet_68.xml","52310065","H:\Delade enheter\Milj?beslut\GEodata\lm_direct\fastighet_xml\fastighet_68.xml"
"fastighet_69.xml","54209150","H:\Delade enheter\Milj?beslut\GEodata\lm_direct\fastighet_xml\fastighet_69.xml"
"fastighet_7.xml","64581068","H:\Delade enheter\Milj?beslut\GEodata\lm_direct\fastighet_xml\fastighet_7.xml"
"fastighet_70.xml","52738031","H:\Delade enheter\Milj?beslut\GEodata\lm_direct\fastighet_xml\fastighet_70.xml"
"fastighet_71.xml","55341783","H:\Delade enheter\Milj?beslut\GEodata\lm_direct\fastighet_xml\fastighet_71.xml"
"fastighet_72.xml","50458677","H:\Delade enheter\Milj?beslut\GEodata\lm_direct\fastighet_xml\fastighet_72.xml"
"fastighet_73.xml","55000734","H:\Delade enheter\Milj?beslut\GEodata\lm_direct\fastighet_xml\fastighet_73.xml"
"fastighet_74.xml","46854373","H:\Delade enheter\Milj?beslut\GEodata\lm_direct\fastighet_xml\fastighet_74.xml"
"fastighet_75.xml","54749216","H:\Delade enheter\Milj?beslut\GEodata\lm_direct\fastighet_xml\fastighet_75.xml"
"fastighet_76.xml","43308215","H:\Delade enheter\Milj?beslut\GEodata\lm_direct\fastighet_xml\fastighet_76.xml"
"fastighet_77.xml","72733675","H:\Delade enheter\Milj?beslut\GEodata\lm_direct\fastighet_xml\fastighet_77.xml"
"fastighet_78.xml","63269076","H:\Delade enheter\Milj?beslut\GEodata\lm_direct\fastighet_xml\fastighet_78.xml"
"fastighet_79.xml","54979036","H:\Delade enheter\Milj?beslut\GEodata\lm_direct\fastighet_xml\fastighet_79.xml"
"fastighet_8.xml","58237128","H:\Delade enheter\Milj?beslut\GEodata\lm_direct\fastighet_xml\fastighet_8.xml"
"fastighet_81.xml","54335096","H:\Delade enheter\Milj?beslut\GEodata\lm_direct\fastighet_xml\fastighet_81.xml"
"fastighet_80.xml","55264047","H:\Delade enheter\Milj?beslut\GEodata\lm_direct\fastighet_xml\fastighet_80.xml"
"fastighet_82.xml","58863471","H:\Delade enheter\Milj?beslut\GEodata\lm_direct\fastighet_xml\fastighet_82.xml"
"fastighet_84.xml","54088803","H:\Delade enheter\Milj?beslut\GEodata\lm_direct\fastighet_xml\fastighet_84.xml"
"fastighet_83.xml","55508896","H:\Delade enheter\Milj?beslut\GEodata\lm_direct\fastighet_xml\fastighet_83.xml"
"fastighet_85.xml","58321863","H:\Delade enheter\Milj?beslut\GEodata\lm_direct\fastighet_xml\fastighet_85.xml"
"fastighet_86.xml","60174757","H:\Delade enheter\Milj?beslut\GEodata\lm_direct\fastighet_xml\fastighet_86.xml"
"fastighet_87.xml","57178533","H:\Delade enheter\Milj?beslut\GEodata\lm_direct\fastighet_xml\fastighet_87.xml"
"fastighet_88.xml","57781860","H:\Delade enheter\Milj?beslut\GEodata\lm_direct\fastighet_xml\fastighet_88.xml"
"fastighet_89.xml","57247260","H:\Delade enheter\Milj?beslut\GEodata\lm_direct\fastighet_xml\fastighet_89.xml"
"fastighet_9.xml","53383718","H:\Delade enheter\Milj?beslut\GEodata\lm_direct\fastighet_xml\fastighet_9.xml"
"fastighet_91.xml","57361132","H:\Delade enheter\Milj?beslut\GEodata\lm_direct\fastighet_xml\fastighet_91.xml"
"fastighet_90.xml","57691075","H:\Delade enheter\Milj?beslut\GEodata\lm_direct\fastighet_xml\fastighet_90.xml"
"fastighet_92.xml","63923336","H:\Delade enheter\Milj?beslut\GEodata\lm_direct\fastighet_xml\fastighet_92.xml"
"fastighet_93.xml","59580195","H:\Delade enheter\Milj?beslut\GEodata\lm_direct\fastighet_xml\fastighet_93.xml"
"fastighet_94.xml","61854095","H:\Delade enheter\Milj?beslut\GEodata\lm_direct\fastighet_xml\fastighet_94.xml"
"fastighet_95.xml","56284342","H:\Delade enheter\Milj?beslut\GEodata\lm_direct\fastighet_xml\fastighet_95.xml"
"fastighet_96.xml","64136374","H:\Delade enheter\Milj?beslut\GEodata\lm_direct\fastighet_xml\fastighet_96.xml"
"fastighet_97.xml","65809214","H:\Delade enheter\Milj?beslut\GEodata\lm_direct\fastighet_xml\fastighet_97.xml"
"fastighet_98.xml","19546093","H:\Delade enheter\Milj?beslut\GEodata\lm_direct\fastighet_xml\fastighet_98.xml"
"samfallighet_2.xml","58334575","H:\Delade enheter\Milj?beslut\GEodata\lm_direct\fastighet_xml\samfallighet_2.xml"
"samfallighet_1.xml","71711584","H:\Delade enheter\Milj?beslut\GEodata\lm_direct\fastighet_xml\samfallighet_1.xml"
"samfallighet_3.xml","61430950","H:\Delade enheter\Milj?beslut\GEodata\lm_direct\fastighet_xml\samfallighet_3.xml"
"samfallighet_4.xml","69658490","H:\Delade enheter\Milj?beslut\GEodata\lm_direct\fastighet_xml\samfallighet_4.xml"
"samfallighet_5.xml","6705811","H:\Delade enheter\Milj?beslut\GEodata\lm_direct\fastighet_xml\samfallighet_5.xml"
"Vagnummer_Europavagar_GeoPackage_kvitto.xml","385","H:\Delade enheter\Milj?beslut\GEodata\lastkajen\10093\Vagnummer_Europavagar_GeoPackage_kvitto.xml"
"Vagnummer_Europavagar_KML_kvitto.xml","385","H:\Delade enheter\Milj?beslut\GEodata\lastkajen\10093\Vagnummer_Europavagar_KML_kvitto.xml"
"Vagnummer_RiksLansvagar_GeoPackage_kvitto.xml","386","H:\Delade enheter\Milj?beslut\GEodata\lastkajen\10093\Vagnummer_RiksLansvagar_GeoPackage_kvitto.xml"
"Vagnummer_RiksLansvagar_KML_kvitto.xml","386","H:\Delade enheter\Milj?beslut\GEodata\lastkajen\10093\Vagnummer_RiksLansvagar_KML_kvitto.xml"
"Vagnummer_Europavagar_GeoPackage.zip","8687747","H:\Delade enheter\Milj?beslut\GEodata\lastkajen\10093\Vagnummer_Europavagar_GeoPackage.zip"
"Vagnummer_Europavagar_KML.zip","9652367","H:\Delade enheter\Milj?beslut\GEodata\lastkajen\10093\Vagnummer_Europavagar_KML.zip"
"Vagnummer_RiksLansvagar_GeoPackage.zip","72547976","H:\Delade enheter\Milj?beslut\GEodata\lastkajen\10093\Vagnummer_RiksLansvagar_GeoPackage.zip"
"Vagnummer_RiksLansvagar_KML.zip","75864612","H:\Delade enheter\Milj?beslut\GEodata\lastkajen\10093\Vagnummer_RiksLansvagar_KML.zip"
"Sverige_FunkV?gklass_GeoPackage_kvitto.xml","442","H:\Delade enheter\Milj?beslut\GEodata\lastkajen\10180\Sverige_FunkV?gklass_GeoPackage_kvitto.xml"
"Sverige_V?gbredd_GeoPackage_kvitto.xml","426","H:\Delade enheter\Milj?beslut\GEodata\lastkajen\10180\Sverige_V?gbredd_GeoPackage_kvitto.xml"
"Sverige_Hastighetsgr?ns_GeoPackage_kvitto.xml","440","H:\Delade enheter\Milj?beslut\GEodata\lastkajen\10180\Sverige_Hastighetsgr?ns_GeoPackage_kvitto.xml"
"Sverige_Slitlager_GeoPackage_kvitto.xml","426","H:\Delade enheter\Milj?beslut\GEodata\lastkajen\10180\Sverige_Slitlager_GeoPackage_kvitto.xml"
"Sverige_V?gh?llare_GeoPackage_kvitto.xml","432","H:\Delade enheter\Milj?beslut\GEodata\lastkajen\10180\Sverige_V?gh?llare_GeoPackage_kvitto.xml"
"Sverige_V?gtrafikn?t_GeoPackage_kvitto.xml","436","H:\Delade enheter\Milj?beslut\GEodata\lastkajen\10180\Sverige_V?gtrafikn?t_GeoPackage_kvitto.xml"
"Sverige_FunkV?gklass_GeoPackage.zip","610771691","H:\Delade enheter\Milj?beslut\GEodata\lastkajen\10180\Sverige_FunkV?gklass_GeoPackage.zip"
"Sverige_Hastighetsgr?ns_GeoPackage.zip","647184070","H:\Delade enheter\Milj?beslut\GEodata\lastkajen\10180\Sverige_Hastighetsgr?ns_GeoPackage.zip"
"Sverige_Slitlager_GeoPackage.zip","672554244","H:\Delade enheter\Milj?beslut\GEodata\lastkajen\10180\Sverige_Slitlager_GeoPackage.zip"
"Sverige_V?gbredd_GeoPackage.zip","280810891","H:\Delade enheter\Milj?beslut\GEodata\lastkajen\10180\Sverige_V?gbredd_GeoPackage.zip"
"Sverige_V?gh?llare_GeoPackage.zip","675175179","H:\Delade enheter\Milj?beslut\GEodata\lastkajen\10180\Sverige_V?gh?llare_GeoPackage.zip"
"Sverige_V?gtrafikn?t_GeoPackage.zip","666468527","H:\Delade enheter\Milj?beslut\GEodata\lastkajen\10180\Sverige_V?gtrafikn?t_GeoPackage.zip"
"Barri?rkartor_st?rre_d?ggdjur_2024_kvitto.xml","1159","H:\Delade enheter\Milj?beslut\GEodata\lastkajen\10177\Barri?rkartor_st?rre_d?ggdjur_2024_kvitto.xml"
"Barri?rkartor_st?rre_d?ggdjur_2024.zip","70140867","H:\Delade enheter\Milj?beslut\GEodata\lastkajen\10177\Barri?rkartor_st?rre_d?ggdjur_2024.zip"
"J?rnv?gsn?t_bandel_aggregat_Geopackage_kvitto.xml","211","H:\Delade enheter\Milj?beslut\GEodata\lastkajen\10143\J?rnv?gsn?t_bandel_aggregat_Geopackage_kvitto.xml"
"J?rnv?gsn?t_bandel_aggregat_GeoPackage.zip","3205040","H:\Delade enheter\Milj?beslut\GEodata\lastkajen\10143\J?rnv?gsn?t_bandel_aggregat_GeoPackage.zip"
"J?rnv?gsn?t_l?ngdm?tning_GeoPackage_kvitto.xml","211","H:\Delade enheter\Milj?beslut\GEodata\lastkajen\10145\J?rnv?gsn?t_l?ngdm?tning_GeoPackage_kvitto.xml"
"J?rnv?gsn?t_l?ngdm?tning_GeoPackage.zip","10049689","H:\Delade enheter\Milj?beslut\GEodata\lastkajen\10145\J?rnv?gsn?t_l?ngdm?tning_GeoPackage.zip"
"Blekinge-M?tdata-Senaste-gpkg-2026_kvitto.xml","2138","H:\Delade enheter\Milj?beslut\GEodata\lastkajen\10125\Blekinge-M?tdata-Senaste-gpkg-2026_kvitto.xml"
"Blekinge-M?tdata-Historik-gpkg-2026_kvitto.xml","2138","H:\Delade enheter\Milj?beslut\GEodata\lastkajen\10125\Blekinge-M?tdata-Historik-gpkg-2026_kvitto.xml"
"Dalarna-Avvattning-Senaste-gpkg-2026_kvitto.xml","2138","H:\Delade enheter\Milj?beslut\GEodata\lastkajen\10125\Dalarna-Avvattning-Senaste-gpkg-2026_kvitto.xml"
"Dalarna-Bel?ggning-Senaste-csv-2026.zip","53298","H:\Delade enheter\Milj?beslut\GEodata\lastkajen\10125\Dalarna-Bel?ggning-Senaste-csv-2026.zip"
"Dalarna-Avvattning-Senaste-csv-2026.zip","5119","H:\Delade enheter\Milj?beslut\GEodata\lastkajen\10125\Dalarna-Avvattning-Senaste-csv-2026.zip"
"Dalarna-Bel?ggning-Historik-csv-2026.zip","43354","H:\Delade enheter\Milj?beslut\GEodata\lastkajen\10125\Dalarna-Bel?ggning-Historik-csv-2026.zip"
"Blekinge-Bel?ggning-Senaste-gpkg-2026_kvitto.xml","2138","H:\Delade enheter\Milj?beslut\GEodata\lastkajen\10125\Blekinge-Bel?ggning-Senaste-gpkg-2026_kvitto.xml"
"Dalarna-Bel?ggning-Historik-csv-2026_kvitto.xml","2138","H:\Delade enheter\Milj?beslut\GEodata\lastkajen\10125\Dalarna-Bel?ggning-Historik-csv-2026_kvitto.xml"
"Blekinge-Bel?ggning-Senaste-csv-2026_kvitto.xml","2138","H:\Delade enheter\Milj?beslut\GEodata\lastkajen\10125\Blekinge-Bel?ggning-Senaste-csv-2026_kvitto.xml"
"Blekinge-M?tdata-Historik-csv-2026_kvitto.xml","2138","H:\Delade enheter\Milj?beslut\GEodata\lastkajen\10125\Blekinge-M?tdata-Historik-csv-2026_kvitto.xml"
"Blekinge-Bel?ggning-Senaste-csv-2026.zip","36950","H:\Delade enheter\Milj?beslut\GEodata\lastkajen\10125\Blekinge-Bel?ggning-Senaste-csv-2026.zip"
"Dalarna-Avvattning-Senaste-csv-2026_kvitto.xml","2138","H:\Delade enheter\Milj?beslut\GEodata\lastkajen\10125\Dalarna-Avvattning-Senaste-csv-2026_kvitto.xml"
"Dalarna-Bel?ggning-Historik-gpkg-2026_kvitto.xml","2138","H:\Delade enheter\Milj?beslut\GEodata\lastkajen\10125\Dalarna-Bel?ggning-Historik-gpkg-2026_kvitto.xml"
"Dalarna-Bel?ggning-Senaste-csv-2026_kvitto.xml","2138","H:\Delade enheter\Milj?beslut\GEodata\lastkajen\10125\Dalarna-Bel?ggning-Senaste-csv-2026_kvitto.xml"
"Blekinge-M?tdata-Senaste-csv-2026_kvitto.xml","2138","H:\Delade enheter\Milj?beslut\GEodata\lastkajen\10125\Blekinge-M?tdata-Senaste-csv-2026_kvitto.xml"
"Dalarna-Avvattning-Senaste-gpkg-2026.zip","955305","H:\Delade enheter\Milj?beslut\GEodata\lastkajen\10125\Dalarna-Avvattning-Senaste-gpkg-2026.zip"
"Blekinge-Bel?ggning-Historik-csv-2026.zip","26613","H:\Delade enheter\Milj?beslut\GEodata\lastkajen\10125\Blekinge-Bel?ggning-Historik-csv-2026.zip"
"Blekinge-Avvattning-Senaste-csv-2026.zip","6269","H:\Delade enheter\Milj?beslut\GEodata\lastkajen\10125\Blekinge-Avvattning-Senaste-csv-2026.zip"
"Blekinge-Bel?ggning-Historik-csv-2026_kvitto.xml","2138","H:\Delade enheter\Milj?beslut\GEodata\lastkajen\10125\Blekinge-Bel?ggning-Historik-csv-2026_kvitto.xml"
"Alla-l?n-?vers?ttningstabell-OID-L?pandeL?ngd-csv-2026_kvitto.xml","2138","H:\Delade enheter\Milj?beslut\GEodata\lastkajen\10125\Alla-l?n-?vers?ttningstabell-OID-L?pandeL?ngd-csv-2026_kvitto.xml"
"Blekinge-Bel?ggning-Historik-gpkg-2026_kvitto.xml","2138","H:\Delade enheter\Milj?beslut\GEodata\lastkajen\10125\Blekinge-Bel?ggning-Historik-gpkg-2026_kvitto.xml"
"Blekinge-Avvattning-Senaste-gpkg-2026_kvitto.xml","2138","H:\Delade enheter\Milj?beslut\GEodata\lastkajen\10125\Blekinge-Avvattning-Senaste-gpkg-2026_kvitto.xml"
"Blekinge-Avvattning-Senaste-csv-2026_kvitto.xml","2138","H:\Delade enheter\Milj?beslut\GEodata\lastkajen\10125\Blekinge-Avvattning-Senaste-csv-2026_kvitto.xml"
"Blekinge-Avvattning-Senaste-gpkg-2026.zip","730672","H:\Delade enheter\Milj?beslut\GEodata\lastkajen\10125\Blekinge-Avvattning-Senaste-gpkg-2026.zip"
"Gotland-M?tdata-Senaste-gpkg-2026_kvitto.xml","2138","H:\Delade enheter\Milj?beslut\GEodata\lastkajen\10125\Gotland-M?tdata-Senaste-gpkg-2026_kvitto.xml"
"G?vleborg-Bel?ggning-Senaste-gpkg-2026_kvitto.xml","2138","H:\Delade enheter\Milj?beslut\GEodata\lastkajen\10125\G?vleborg-Bel?ggning-Senaste-gpkg-2026_kvitto.xml"
"Gotland-M?tdata-Historik-csv-2026_kvitto.xml","2138","H:\Delade enheter\Milj?beslut\GEodata\lastkajen\10125\Gotland-M?tdata-Historik-csv-2026_kvitto.xml"
"G?vleborg-M?tdata-Historik-csv-2026_kvitto.xml","2138","H:\Delade enheter\Milj?beslut\GEodata\lastkajen\10125\G?vleborg-M?tdata-Historik-csv-2026_kvitto.xml"
"Gotland-Bel?ggning-Historik-gpkg-2026.zip","667849","H:\Delade enheter\Milj?beslut\GEodata\lastkajen\10125\Gotland-Bel?ggning-Historik-gpkg-2026.zip"
"G?vleborg-Bel?ggning-Historik-csv-2026.zip","31983","H:\Delade enheter\Milj?beslut\GEodata\lastkajen\10125\G?vleborg-Bel?ggning-Historik-csv-2026.zip"
"Gotland-Avvattning-Senaste-gpkg-2026.zip","579408","H:\Delade enheter\Milj?beslut\GEodata\lastkajen\10125\Gotland-Avvattning-Senaste-gpkg-2026.zip"
"G?vleborg-Bel?ggning-Senaste-csv-2026_kvitto.xml","2138","H:\Delade enheter\Milj?beslut\GEodata\lastkajen\10125\G?vleborg-Bel?ggning-Senaste-csv-2026_kvitto.xml"
"Gotland-M?tdata-Senaste-csv-2026_kvitto.xml","2138","H:\Delade enheter\Milj?beslut\GEodata\lastkajen\10125\Gotland-M?tdata-Senaste-csv-2026_kvitto.xml"
"Gotland-M?tdata-Historik-gpkg-2026_kvitto.xml","2138","H:\Delade enheter\Milj?beslut\GEodata\lastkajen\10125\Gotland-M?tdata-Historik-gpkg-2026_kvitto.xml"
"G?vleborg-M?tdata-Senaste-csv-2026_kvitto.xml","2138","H:\Delade enheter\Milj?beslut\GEodata\lastkajen\10125\G?vleborg-M?tdata-Senaste-csv-2026_kvitto.xml"
"G?vleborg-Bel?ggning-Historik-gpkg-2026_kvitto.xml","2138","H:\Delade enheter\Milj?beslut\GEodata\lastkajen\10125\G?vleborg-Bel?ggning-Historik-gpkg-2026_kvitto.xml"
"G?vleborg-Bel?ggning-Senaste-csv-2026.zip","34564","H:\Delade enheter\Milj?beslut\GEodata\lastkajen\10125\G?vleborg-Bel?ggning-Senaste-csv-2026.zip"
"G?vleborg-Bel?ggning-Historik-csv-2026_kvitto.xml","2138","H:\Delade enheter\Milj?beslut\GEodata\lastkajen\10125\G?vleborg-Bel?ggning-Historik-csv-2026_kvitto.xml"
"G?vleborg-Avvattning-Senaste-csv-2026_kvitto.xml","2138","H:\Delade enheter\Milj?beslut\GEodata\lastkajen\10125\G?vleborg-Avvattning-Senaste-csv-2026_kvitto.xml"
"G?vleborg-M?tdata-Historik-gpkg-2026_kvitto.xml","2138","H:\Delade enheter\Milj?beslut\GEodata\lastkajen\10125\G?vleborg-M?tdata-Historik-gpkg-2026_kvitto.xml"
"Dalarna-M?tdata-Senaste-csv-2026_kvitto.xml","2138","H:\Delade enheter\Milj?beslut\GEodata\lastkajen\10125\Dalarna-M?tdata-Senaste-csv-2026_kvitto.xml"
"Dalarna-M?tdata-Senaste-gpkg-2026_kvitto.xml","2138","H:\Delade enheter\Milj?beslut\GEodata\lastkajen\10125\Dalarna-M?tdata-Senaste-gpkg-2026_kvitto.xml"
"Dalarna-M?tdata-Historik-gpkg-2026_kvitto.xml","2138","H:\Delade enheter\Milj?beslut\GEodata\lastkajen\10125\Dalarna-M?tdata-Historik-gpkg-2026_kvitto.xml"
"Gotland-Avvattning-Senaste-csv-2026.zip","3823","H:\Delade enheter\Milj?beslut\GEodata\lastkajen\10125\Gotland-Avvattning-Senaste-csv-2026.zip"
"Dalarna-M?tdata-Historik-csv-2026_kvitto.xml","2138","H:\Delade enheter\Milj?beslut\GEodata\lastkajen\10125\Dalarna-M?tdata-Historik-csv-2026_kvitto.xml"
"Gotland-Bel?ggning-Historik-csv-2026.zip","12253","H:\Delade enheter\Milj?beslut\GEodata\lastkajen\10125\Gotland-Bel?ggning-Historik-csv-2026.zip"
"Gotland-Avvattning-Senaste-gpkg-2026_kvitto.xml","2138","H:\Delade enheter\Milj?beslut\GEodata\lastkajen\10125\Gotland-Avvattning-Senaste-gpkg-2026_kvitto.xml"
"Gotland-Bel?ggning-Historik-csv-2026_kvitto.xml","2138","H:\Delade enheter\Milj?beslut\GEodata\lastkajen\10125\Gotland-Bel?ggning-Historik-csv-2026_kvitto.xml"
"Dalarna-Bel?ggning-Senaste-gpkg-2026_kvitto.xml","2138","H:\Delade enheter\Milj?beslut\GEodata\lastkajen\10125\Dalarna-Bel?ggning-Senaste-gpkg-2026_kvitto.xml"
"Gotland-Bel?ggning-Senaste-csv-2026_kvitto.xml","2138","H:\Delade enheter\Milj?beslut\GEodata\lastkajen\10125\Gotland-Bel?ggning-Senaste-csv-2026_kvitto.xml"
"Gotland-Bel?ggning-Historik-gpkg-2026_kvitto.xml","2138","H:\Delade enheter\Milj?beslut\GEodata\lastkajen\10125\Gotland-Bel?ggning-Historik-gpkg-2026_kvitto.xml"
"Gotland-Avvattning-Senaste-csv-2026_kvitto.xml","2138","H:\Delade enheter\Milj?beslut\GEodata\lastkajen\10125\Gotland-Avvattning-Senaste-csv-2026_kvitto.xml"
"Gotland-Bel?ggning-Senaste-gpkg-2026_kvitto.xml","2138","H:\Delade enheter\Milj?beslut\GEodata\lastkajen\10125\Gotland-Bel?ggning-Senaste-gpkg-2026_kvitto.xml"
"Gotland-Bel?ggning-Senaste-csv-2026.zip","24680","H:\Delade enheter\Milj?beslut\GEodata\lastkajen\10125\Gotland-Bel?ggning-Senaste-csv-2026.zip"
"J?mtland-Bel?ggning-Senaste-csv-2026_kvitto.xml","2138","H:\Delade enheter\Milj?beslut\GEodata\lastkajen\10125\J?mtland-Bel?ggning-Senaste-csv-2026_kvitto.xml"
"J?mtland-M?tdata-Senaste-gpkg-2026_kvitto.xml","2138","H:\Delade enheter\Milj?beslut\GEodata\lastkajen\10125\J?mtland-M?tdata-Senaste-gpkg-2026_kvitto.xml"
"J?mtland-Avvattning-Senaste-gpkg-2026_kvitto.xml","2138","H:\Delade enheter\Milj?beslut\GEodata\lastkajen\10125\J?mtland-Avvattning-Senaste-gpkg-2026_kvitto.xml"
"J?mtland-M?tdata-Historik-csv-2026_kvitto.xml","2138","H:\Delade enheter\Milj?beslut\GEodata\lastkajen\10125\J?mtland-M?tdata-Historik-csv-2026_kvitto.xml"
"J?mtland-Bel?ggning-Senaste-csv-2026.zip","30545","H:\Delade enheter\Milj?beslut\GEodata\lastkajen\10125\J?mtland-Bel?ggning-Senaste-csv-2026.zip"
"J?mtland-Bel?ggning-Historik-csv-2026_kvitto.xml","2138","H:\Delade enheter\Milj?beslut\GEodata\lastkajen\10125\J?mtland-Bel?ggning-Historik-csv-2026_kvitto.xml"
"J?nk?ping-Avvattning-Senaste-csv-2026_kvitto.xml","2138","H:\Delade enheter\Milj?beslut\GEodata\lastkajen\10125\J?nk?ping-Avvattning-Senaste-csv-2026_kvitto.xml"
"J?mtland-Bel?ggning-Historik-gpkg-2026_kvitto.xml","2138","H:\Delade enheter\Milj?beslut\GEodata\lastkajen\10125\J?mtland-Bel?ggning-Historik-gpkg-2026_kvitto.xml"
"J?nk?ping-Avvattning-Senaste-csv-2026.zip","10444","H:\Delade enheter\Milj?beslut\GEodata\lastkajen\10125\J?nk?ping-Avvattning-Senaste-csv-2026.zip"
"J?mtland-Bel?ggning-Historik-csv-2026.zip","16120","H:\Delade enheter\Milj?beslut\GEodata\lastkajen\10125\J?mtland-Bel?ggning-Historik-csv-2026.zip"
"J?mtland-M?tdata-Historik-gpkg-2026_kvitto.xml","2138","H:\Delade enheter\Milj?beslut\GEodata\lastkajen\10125\J?mtland-M?tdata-Historik-gpkg-2026_kvitto.xml"
"J?mtland-Avvattning-Senaste-csv-2026_kvitto.xml","2138","H:\Delade enheter\Milj?beslut\GEodata\lastkajen\10125\J?mtland-Avvattning-Senaste-csv-2026_kvitto.xml"
"J?nk?ping-Avvattning-Senaste-gpkg-2026_kvitto.xml","2138","H:\Delade enheter\Milj?beslut\GEodata\lastkajen\10125\J?nk?ping-Avvattning-Senaste-gpkg-2026_kvitto.xml"
"J?mtland-M?tdata-Senaste-csv-2026_kvitto.xml","2138","H:\Delade enheter\Milj?beslut\GEodata\lastkajen\10125\J?mtland-M?tdata-Senaste-csv-2026_kvitto.xml"
"J?mtland-Avvattning-Senaste-gpkg-2026.zip","919978","H:\Delade enheter\Milj?beslut\GEodata\lastkajen\10125\J?mtland-Avvattning-Senaste-gpkg-2026.zip"
"J?mtland-Bel?ggning-Senaste-gpkg-2026_kvitto.xml","2138","H:\Delade enheter\Milj?beslut\GEodata\lastkajen\10125\J?mtland-Bel?ggning-Senaste-gpkg-2026_kvitto.xml"
"G?vleborg-Avvattning-Senaste-gpkg-2026_kvitto.xml","2138","H:\Delade enheter\Milj?beslut\GEodata\lastkajen\10125\G?vleborg-Avvattning-Senaste-gpkg-2026_kvitto.xml"
"Halland-Bel?ggning-Historik-csv-2026.zip","32235","H:\Delade enheter\Milj?beslut\GEodata\lastkajen\10125\Halland-Bel?ggning-Historik-csv-2026.zip"
"G?vleborg-M?tdata-Senaste-gpkg-2026_kvitto.xml","2138","H:\Delade enheter\Milj?beslut\GEodata\lastkajen\10125\G?vleborg-M?tdata-Senaste-gpkg-2026_kvitto.xml"
"Halland-Bel?ggning-Senaste-csv-2026_kvitto.xml","2138","H:\Delade enheter\Milj?beslut\GEodata\lastkajen\10125\Halland-Bel?ggning-Senaste-csv-2026_kvitto.xml"
"Halland-M?tdata-Historik-gpkg-2026_kvitto.xml","2138","H:\Delade enheter\Milj?beslut\GEodata\lastkajen\10125\Halland-M?tdata-Historik-gpkg-2026_kvitto.xml"
"Halland-Avvattning-Senaste-csv-2026_kvitto.xml","2138","H:\Delade enheter\Milj?beslut\GEodata\lastkajen\10125\Halland-Avvattning-Senaste-csv-2026_kvitto.xml"
"Halland-Avvattning-Senaste-gpkg-2026_kvitto.xml","2138","H:\Delade enheter\Milj?beslut\GEodata\lastkajen\10125\Halland-Avvattning-Senaste-gpkg-2026_kvitto.xml"
"Halland-Avvattning-Senaste-csv-2026.zip","6014","H:\Delade enheter\Milj?beslut\GEodata\lastkajen\10125\Halland-Avvattning-Senaste-csv-2026.zip"
"Halland-Bel?ggning-Historik-gpkg-2026_kvitto.xml","2138","H:\Delade enheter\Milj?beslut\GEodata\lastkajen\10125\Halland-Bel?ggning-Historik-gpkg-2026_kvitto.xml"
"Halland-M?tdata-Senaste-csv-2026_kvitto.xml","2138","H:\Delade enheter\Milj?beslut\GEodata\lastkajen\10125\Halland-M?tdata-Senaste-csv-2026_kvitto.xml"
"Halland-Bel?ggning-Historik-csv-2026_kvitto.xml","2138","H:\Delade enheter\Milj?beslut\GEodata\lastkajen\10125\Halland-Bel?ggning-Historik-csv-2026_kvitto.xml"
"Halland-M?tdata-Historik-csv-2026_kvitto.xml","2138","H:\Delade enheter\Milj?beslut\GEodata\lastkajen\10125\Halland-M?tdata-Historik-csv-2026_kvitto.xml"
"Halland-M?tdata-Senaste-gpkg-2026_kvitto.xml","2138","H:\Delade enheter\Milj?beslut\GEodata\lastkajen\10125\Halland-M?tdata-Senaste-gpkg-2026_kvitto.xml"
"Halland-Avvattning-Senaste-gpkg-2026.zip","866283","H:\Delade enheter\Milj?beslut\GEodata\lastkajen\10125\Halland-Avvattning-Senaste-gpkg-2026.zip"
"G?vleborg-Avvattning-Senaste-csv-2026.zip","8236","H:\Delade enheter\Milj?beslut\GEodata\lastkajen\10125\G?vleborg-Avvattning-Senaste-csv-2026.zip"
"Halland-Bel?ggning-Senaste-csv-2026.zip","52257","H:\Delade enheter\Milj?beslut\GEodata\lastkajen\10125\Halland-Bel?ggning-Senaste-csv-2026.zip"
"Halland-Bel?ggning-Senaste-gpkg-2026_kvitto.xml","2138","H:\Delade enheter\Milj?beslut\GEodata\lastkajen\10125\Halland-Bel?ggning-Senaste-gpkg-2026_kvitto.xml"
"J?mtland-Avvattning-Senaste-csv-2026.zip","3194","H:\Delade enheter\Milj?beslut\GEodata\lastkajen\10125\J?mtland-Avvattning-Senaste-csv-2026.zip"
"Kalmar-M?tdata-Senaste-csv-2026_kvitto.xml","2138","H:\Delade enheter\Milj?beslut\GEodata\lastkajen\10125\Kalmar-M?tdata-Senaste-csv-2026_kvitto.xml"
"Kronoberg-M?tdata-Senaste-csv-2026_kvitto.xml","2138","H:\Delade enheter\Milj?beslut\GEodata\lastkajen\10125\Kronoberg-M?tdata-Senaste-csv-2026_kvitto.xml"
"Kronoberg-Bel?ggning-Senaste-csv-2026.zip","59599","H:\Delade enheter\Milj?beslut\GEodata\lastkajen\10125\Kronoberg-Bel?ggning-Senaste-csv-2026.zip"
"Kalmar-Bel?ggning-Senaste-gpkg-2026_kvitto.xml","2138","H:\Delade enheter\Milj?beslut\GEodata\lastkajen\10125\Kalmar-Bel?ggning-Senaste-gpkg-2026_kvitto.xml"
"Kronoberg-Bel?ggning-Historik-csv-2026.zip","44224","H:\Delade enheter\Milj?beslut\GEodata\lastkajen\10125\Kronoberg-Bel?ggning-Historik-csv-2026.zip"
"Kronoberg-Bel?ggning-Senaste-csv-2026_kvitto.xml","2138","H:\Delade enheter\Milj?beslut\GEodata\lastkajen\10125\Kronoberg-Bel?ggning-Senaste-csv-2026_kvitto.xml"
"Kronoberg-Bel?ggning-Historik-csv-2026_kvitto.xml","2138","H:\Delade enheter\Milj?beslut\GEodata\lastkajen\10125\Kronoberg-Bel?ggning-Historik-csv-2026_kvitto.xml"
"Norrbotten-Bel?ggning-Senaste-csv-2026_kvitto.xml","2138","H:\Delade enheter\Milj?beslut\GEodata\lastkajen\10125\Norrbotten-Bel?ggning-Senaste-csv-2026_kvitto.xml"
"Norrbotten-M?tdata-Historik-gpkg-2026_kvitto.xml","2138","H:\Delade enheter\Milj?beslut\GEodata\lastkajen\10125\Norrbotten-M?tdata-Historik-gpkg-2026_kvitto.xml"
"Norrbotten-Avvattning-Senaste-gpkg-2026_kvitto.xml","2138","H:\Delade enheter\Milj?beslut\GEodata\lastkajen\10125\Norrbotten-Avvattning-Senaste-gpkg-2026_kvitto.xml"
"Norrbotten-Bel?ggning-Historik-csv-2026_kvitto.xml","2138","H:\Delade enheter\Milj?beslut\GEodata\lastkajen\10125\Norrbotten-Bel?ggning-Historik-csv-2026_kvitto.xml"
"Kalmar-M?tdata-Historik-gpkg-2026_kvitto.xml","2138","H:\Delade enheter\Milj?beslut\GEodata\lastkajen\10125\Kalmar-M?tdata-Historik-gpkg-2026_kvitto.xml"
"Norrbotten-Bel?ggning-Senaste-csv-2026.zip","71192","H:\Delade enheter\Milj?beslut\GEodata\lastkajen\10125\Norrbotten-Bel?ggning-Senaste-csv-2026.zip"
"Kalmar-Bel?ggning-Senaste-csv-2026.zip","54420","H:\Delade enheter\Milj?beslut\GEodata\lastkajen\10125\Kalmar-Bel?ggning-Senaste-csv-2026.zip"
"Norrbotten-Bel?ggning-Historik-csv-2026.zip","106594","H:\Delade enheter\Milj?beslut\GEodata\lastkajen\10125\Norrbotten-Bel?ggning-Historik-csv-2026.zip"
"Kronoberg-Avvattning-Senaste-csv-2026.zip","10597","H:\Delade enheter\Milj?beslut\GEodata\lastkajen\10125\Kronoberg-Avvattning-Senaste-csv-2026.zip"
"Kronoberg-Bel?ggning-Senaste-gpkg-2026_kvitto.xml","2138","H:\Delade enheter\Milj?beslut\GEodata\lastkajen\10125\Kronoberg-Bel?ggning-Senaste-gpkg-2026_kvitto.xml"
"Kalmar-M?tdata-Historik-csv-2026_kvitto.xml","2138","H:\Delade enheter\Milj?beslut\GEodata\lastkajen\10125\Kalmar-M?tdata-Historik-csv-2026_kvitto.xml"
"Norrbotten-Avvattning-Senaste-csv-2026.zip","16657","H:\Delade enheter\Milj?beslut\GEodata\lastkajen\10125\Norrbotten-Avvattning-Senaste-csv-2026.zip"
"Kronoberg-Bel?ggning-Historik-gpkg-2026_kvitto.xml","2138","H:\Delade enheter\Milj?beslut\GEodata\lastkajen\10125\Kronoberg-Bel?ggning-Historik-gpkg-2026_kvitto.xml"
"Norrbotten-M?tdata-Senaste-csv-2026_kvitto.xml","2138","H:\Delade enheter\Milj?beslut\GEodata\lastkajen\10125\Norrbotten-M?tdata-Senaste-csv-2026_kvitto.xml"
"Kronoberg-Avvattning-Senaste-csv-2026_kvitto.xml","2138","H:\Delade enheter\Milj?beslut\GEodata\lastkajen\10125\Kronoberg-Avvattning-Senaste-csv-2026_kvitto.xml"
"Kronoberg-M?tdata-Historik-csv-2026_kvitto.xml","2138","H:\Delade enheter\Milj?beslut\GEodata\lastkajen\10125\Kronoberg-M?tdata-Historik-csv-2026_kvitto.xml"
"Kalmar-Bel?ggning-Senaste-csv-2026_kvitto.xml","2138","H:\Delade enheter\Milj?beslut\GEodata\lastkajen\10125\Kalmar-Bel?ggning-Senaste-csv-2026_kvitto.xml"
"Kronoberg-M?tdata-Senaste-gpkg-2026_kvitto.xml","2138","H:\Delade enheter\Milj?beslut\GEodata\lastkajen\10125\Kronoberg-M?tdata-Senaste-gpkg-2026_kvitto.xml"
"Kronoberg-Avvattning-Senaste-gpkg-2026_kvitto.xml","2138","H:\Delade enheter\Milj?beslut\GEodata\lastkajen\10125\Kronoberg-Avvattning-Senaste-gpkg-2026_kvitto.xml"
"Norrbotten-Bel?ggning-Senaste-gpkg-2026_kvitto.xml","2138","H:\Delade enheter\Milj?beslut\GEodata\lastkajen\10125\Norrbotten-Bel?ggning-Senaste-gpkg-2026_kvitto.xml"
"Norrbotten-Bel?ggning-Historik-gpkg-2026_kvitto.xml","2138","H:\Delade enheter\Milj?beslut\GEodata\lastkajen\10125\Norrbotten-Bel?ggning-Historik-gpkg-2026_kvitto.xml"
"Kalmar-M?tdata-Senaste-gpkg-2026_kvitto.xml","2138","H:\Delade enheter\Milj?beslut\GEodata\lastkajen\10125\Kalmar-M?tdata-Senaste-gpkg-2026_kvitto.xml"
"Norrbotten-Avvattning-Senaste-csv-2026_kvitto.xml","2138","H:\Delade enheter\Milj?beslut\GEodata\lastkajen\10125\Norrbotten-Avvattning-Senaste-csv-2026_kvitto.xml"
"Norrbotten-M?tdata-Historik-csv-2026_kvitto.xml","2138","H:\Delade enheter\Milj?beslut\GEodata\lastkajen\10125\Norrbotten-M?tdata-Historik-csv-2026_kvitto.xml"
"Kronoberg-M?tdata-Historik-gpkg-2026_kvitto.xml","2138","H:\Delade enheter\Milj?beslut\GEodata\lastkajen\10125\Kronoberg-M?tdata-Historik-gpkg-2026_kvitto.xml"
"Kalmar-Bel?ggning-Historik-gpkg-2026_kvitto.xml","2138","H:\Delade enheter\Milj?beslut\GEodata\lastkajen\10125\Kalmar-Bel?ggning-Historik-gpkg-2026_kvitto.xml"
"J?nk?ping-M?tdata-Senaste-csv-2026_kvitto.xml","2138","H:\Delade enheter\Milj?beslut\GEodata\lastkajen\10125\J?nk?ping-M?tdata-Senaste-csv-2026_kvitto.xml"
"Kalmar-Avvattning-Senaste-gpkg-2026_kvitto.xml","2138","H:\Delade enheter\Milj?beslut\GEodata\lastkajen\10125\Kalmar-Avvattning-Senaste-gpkg-2026_kvitto.xml"
"J?nk?ping-Bel?ggning-Senaste-csv-2026_kvitto.xml","2138","H:\Delade enheter\Milj?beslut\GEodata\lastkajen\10125\J?nk?ping-Bel?ggning-Senaste-csv-2026_kvitto.xml"
"Kalmar-Avvattning-Senaste-csv-2026_kvitto.xml","2138","H:\Delade enheter\Milj?beslut\GEodata\lastkajen\10125\Kalmar-Avvattning-Senaste-csv-2026_kvitto.xml"
"J?nk?ping-Bel?ggning-Historik-csv-2026.zip","65490","H:\Delade enheter\Milj?beslut\GEodata\lastkajen\10125\J?nk?ping-Bel?ggning-Historik-csv-2026.zip"
"J?nk?ping-M?tdata-Senaste-gpkg-2026_kvitto.xml","2138","H:\Delade enheter\Milj?beslut\GEodata\lastkajen\10125\J?nk?ping-M?tdata-Senaste-gpkg-2026_kvitto.xml"
"Kalmar-Bel?ggning-Historik-csv-2026_kvitto.xml","2138","H:\Delade enheter\Milj?beslut\GEodata\lastkajen\10125\Kalmar-Bel?ggning-Historik-csv-2026_kvitto.xml"
"J?nk?ping-Bel?ggning-Historik-gpkg-2026_kvitto.xml","2138","H:\Delade enheter\Milj?beslut\GEodata\lastkajen\10125\J?nk?ping-Bel?ggning-Historik-gpkg-2026_kvitto.xml"
"J?nk?ping-M?tdata-Historik-csv-2026_kvitto.xml","2138","H:\Delade enheter\Milj?beslut\GEodata\lastkajen\10125\J?nk?ping-M?tdata-Historik-csv-2026_kvitto.xml"
"Kalmar-Bel?ggning-Historik-csv-2026.zip","37370","H:\Delade enheter\Milj?beslut\GEodata\lastkajen\10125\Kalmar-Bel?ggning-Historik-csv-2026.zip"
"J?nk?ping-M?tdata-Historik-gpkg-2026_kvitto.xml","2138","H:\Delade enheter\Milj?beslut\GEodata\lastkajen\10125\J?nk?ping-M?tdata-Historik-gpkg-2026_kvitto.xml"
"J?nk?ping-Bel?ggning-Senaste-gpkg-2026_kvitto.xml","2138","H:\Delade enheter\Milj?beslut\GEodata\lastkajen\10125\J?nk?ping-Bel?ggning-Senaste-gpkg-2026_kvitto.xml"
"Kalmar-Avvattning-Senaste-csv-2026.zip","7825","H:\Delade enheter\Milj?beslut\GEodata\lastkajen\10125\Kalmar-Avvattning-Senaste-csv-2026.zip"
"J?nk?ping-Bel?ggning-Historik-csv-2026_kvitto.xml","2138","H:\Delade enheter\Milj?beslut\GEodata\lastkajen\10125\J?nk?ping-Bel?ggning-Historik-csv-2026_kvitto.xml"
"J?nk?ping-Bel?ggning-Senaste-csv-2026.zip","80403","H:\Delade enheter\Milj?beslut\GEodata\lastkajen\10125\J?nk?ping-Bel?ggning-Senaste-csv-2026.zip"
"Stockholm-M?tdata-Historik-gpkg-2026_kvitto.xml","2138","H:\Delade enheter\Milj?beslut\GEodata\lastkajen\10125\Stockholm-M?tdata-Historik-gpkg-2026_kvitto.xml"
"S?dermanland-Avvattning-Senaste-gpkg-2026_kvitto.xml","2138","H:\Delade enheter\Milj?beslut\GEodata\lastkajen\10125\S?dermanland-Avvattning-Senaste-gpkg-2026_kvitto.xml"
"S?dermanland-Avvattning-Senaste-gpkg-2026.zip","780872","H:\Delade enheter\Milj?beslut\GEodata\lastkajen\10125\S?dermanland-Avvattning-Senaste-gpkg-2026.zip"
"Stockholm-M?tdata-Senaste-gpkg-2026_kvitto.xml","2138","H:\Delade enheter\Milj?beslut\GEodata\lastkajen\10125\Stockholm-M?tdata-Senaste-gpkg-2026_kvitto.xml"
"S?dermanland-Avvattning-Senaste-csv-2026_kvitto.xml","2138","H:\Delade enheter\Milj?beslut\GEodata\lastkajen\10125\S?dermanland-Avvattning-Senaste-csv-2026_kvitto.xml"
"Stockholm-Bel?ggning-Historik-gpkg-2026_kvitto.xml","2138","H:\Delade enheter\Milj?beslut\GEodata\lastkajen\10125\Stockholm-Bel?ggning-Historik-gpkg-2026_kvitto.xml"
"Stockholm-Bel?ggning-Senaste-gpkg-2026_kvitto.xml","2138","H:\Delade enheter\Milj?beslut\GEodata\lastkajen\10125\Stockholm-Bel?ggning-Senaste-gpkg-2026_kvitto.xml"
"Stockholm-Bel?ggning-Historik-csv-2026_kvitto.xml","2138","H:\Delade enheter\Milj?beslut\GEodata\lastkajen\10125\Stockholm-Bel?ggning-Historik-csv-2026_kvitto.xml"
"Stockholm-M?tdata-Senaste-csv-2026_kvitto.xml","2138","H:\Delade enheter\Milj?beslut\GEodata\lastkajen\10125\Stockholm-M?tdata-Senaste-csv-2026_kvitto.xml"
"Stockholm-Avvattning-Senaste-gpkg-2026.zip","925377","H:\Delade enheter\Milj?beslut\GEodata\lastkajen\10125\Stockholm-Avvattning-Senaste-gpkg-2026.zip"
"Stockholm-Bel?ggning-Historik-csv-2026.zip","81536","H:\Delade enheter\Milj?beslut\GEodata\lastkajen\10125\Stockholm-Bel?ggning-Historik-csv-2026.zip"
"Stockholm-Bel?ggning-Senaste-csv-2026.zip","71565","H:\Delade enheter\Milj?beslut\GEodata\lastkajen\10125\Stockholm-Bel?ggning-Senaste-csv-2026.zip"
"S?dermanland-Avvattning-Senaste-csv-2026.zip","4845","H:\Delade enheter\Milj?beslut\GEodata\lastkajen\10125\S?dermanland-Avvattning-Senaste-csv-2026.zip"
"Stockholm-Avvattning-Senaste-gpkg-2026_kvitto.xml","2138","H:\Delade enheter\Milj?beslut\GEodata\lastkajen\10125\Stockholm-Avvattning-Senaste-gpkg-2026_kvitto.xml"
"S?dermanland-Bel?ggning-Historik-csv-2026_kvitto.xml","2138","H:\Delade enheter\Milj?beslut\GEodata\lastkajen\10125\S?dermanland-Bel?ggning-Historik-csv-2026_kvitto.xml"
"Stockholm-Bel?ggning-Senaste-csv-2026_kvitto.xml","2138","H:\Delade enheter\Milj?beslut\GEodata\lastkajen\10125\Stockholm-Bel?ggning-Senaste-csv-2026_kvitto.xml"
"Sk?ne-Avvattning-Senaste-gpkg-2026_kvitto.xml","2138","H:\Delade enheter\Milj?beslut\GEodata\lastkajen\10125\Sk?ne-Avvattning-Senaste-gpkg-2026_kvitto.xml"
"Sk?ne-Bel?ggning-Senaste-gpkg-2026_kvitto.xml","2138","H:\Delade enheter\Milj?beslut\GEodata\lastkajen\10125\Sk?ne-Bel?ggning-Senaste-gpkg-2026_kvitto.xml"
"Sk?ne-M?tdata-Senaste-csv-2026_kvitto.xml","2138","H:\Delade enheter\Milj?beslut\GEodata\lastkajen\10125\Sk?ne-M?tdata-Senaste-csv-2026_kvitto.xml"
"Sk?ne-M?tdata-Senaste-gpkg-2026_kvitto.xml","2138","H:\Delade enheter\Milj?beslut\GEodata\lastkajen\10125\Sk?ne-M?tdata-Senaste-gpkg-2026_kvitto.xml"
"Sk?ne-Bel?ggning-Historik-csv-2026.zip","98778","H:\Delade enheter\Milj?beslut\GEodata\lastkajen\10125\Sk?ne-Bel?ggning-Historik-csv-2026.zip"
"Sk?ne-Bel?ggning-Senaste-csv-2026.zip","166209","H:\Delade enheter\Milj?beslut\GEodata\lastkajen\10125\Sk?ne-Bel?ggning-Senaste-csv-2026.zip"
"Sk?ne-M?tdata-Historik-gpkg-2026_kvitto.xml","2138","H:\Delade enheter\Milj?beslut\GEodata\lastkajen\10125\Sk?ne-M?tdata-Historik-gpkg-2026_kvitto.xml"
"Sk?ne-Bel?ggning-Senaste-csv-2026_kvitto.xml","2138","H:\Delade enheter\Milj?beslut\GEodata\lastkajen\10125\Sk?ne-Bel?ggning-Senaste-csv-2026_kvitto.xml"
"Sk?ne-Bel?ggning-Historik-gpkg-2026_kvitto.xml","2138","H:\Delade enheter\Milj?beslut\GEodata\lastkajen\10125\Sk?ne-Bel?ggning-Historik-gpkg-2026_kvitto.xml"
"Sk?ne-Avvattning-Senaste-csv-2026_kvitto.xml","2138","H:\Delade enheter\Milj?beslut\GEodata\lastkajen\10125\Sk?ne-Avvattning-Senaste-csv-2026_kvitto.xml"
"Sk?ne-Bel?ggning-Historik-csv-2026_kvitto.xml","2138","H:\Delade enheter\Milj?beslut\GEodata\lastkajen\10125\Sk?ne-Bel?ggning-Historik-csv-2026_kvitto.xml"
"Stockholm-Avvattning-Senaste-csv-2026_kvitto.xml","2138","H:\Delade enheter\Milj?beslut\GEodata\lastkajen\10125\Stockholm-Avvattning-Senaste-csv-2026_kvitto.xml"
"Sk?ne-Avvattning-Senaste-csv-2026.zip","28874","H:\Delade enheter\Milj?beslut\GEodata\lastkajen\10125\Sk?ne-Avvattning-Senaste-csv-2026.zip"
"Sk?ne-M?tdata-Historik-csv-2026_kvitto.xml","2138","H:\Delade enheter\Milj?beslut\GEodata\lastkajen\10125\Sk?ne-M?tdata-Historik-csv-2026_kvitto.xml"
"Stockholm-Avvattning-Senaste-csv-2026.zip","7494","H:\Delade enheter\Milj?beslut\GEodata\lastkajen\10125\Stockholm-Avvattning-Senaste-csv-2026.zip"
"Norrbotten-M?tdata-Senaste-gpkg-2026_kvitto.xml","2138","H:\Delade enheter\Milj?beslut\GEodata\lastkajen\10125\Norrbotten-M?tdata-Senaste-gpkg-2026_kvitto.xml"
"Stockholm-M?tdata-Historik-csv-2026_kvitto.xml","2138","H:\Delade enheter\Milj?beslut\GEodata\lastkajen\10125\Stockholm-M?tdata-Historik-csv-2026_kvitto.xml"
"V?sterbotten-Avvattning-Senaste-gpkg-2026_kvitto.xml","2138","H:\Delade enheter\Milj?beslut\GEodata\lastkajen\10125\V?sterbotten-Avvattning-Senaste-gpkg-2026_kvitto.xml"
"Uppsala-M?tdata-Historik-csv-2026_kvitto.xml","2138","H:\Delade enheter\Milj?beslut\GEodata\lastkajen\10125\Uppsala-M?tdata-Historik-csv-2026_kvitto.xml"
"V?rmland-M?tdata-Historik-csv-2026_kvitto.xml","2138","H:\Delade enheter\Milj?beslut\GEodata\lastkajen\10125\V?rmland-M?tdata-Historik-csv-2026_kvitto.xml"
"V?rmland-Bel?ggning-Senaste-csv-2026.zip","52268","H:\Delade enheter\Milj?beslut\GEodata\lastkajen\10125\V?rmland-Bel?ggning-Senaste-csv-2026.zip"
"V?rmland-Bel?ggning-Senaste-gpkg-2026_kvitto.xml","2138","H:\Delade enheter\Milj?beslut\GEodata\lastkajen\10125\V?rmland-Bel?ggning-Senaste-gpkg-2026_kvitto.xml"
"V?sterbotten-Bel?ggning-Historik-gpkg-2026_kvitto.xml","2138","H:\Delade enheter\Milj?beslut\GEodata\lastkajen\10125\V?sterbotten-Bel?ggning-Historik-gpkg-2026_kvitto.xml"
"V?sterbotten-Avvattning-Senaste-csv-2026.zip","9987","H:\Delade enheter\Milj?beslut\GEodata\lastkajen\10125\V?sterbotten-Avvattning-Senaste-csv-2026.zip"
"V?sterbotten-M?tdata-Historik-gpkg-2026_kvitto.xml","2138","H:\Delade enheter\Milj?beslut\GEodata\lastkajen\10125\V?sterbotten-M?tdata-Historik-gpkg-2026_kvitto.xml"
"Uppsala-Bel?ggning-Senaste-gpkg-2026_kvitto.xml","2138","H:\Delade enheter\Milj?beslut\GEodata\lastkajen\10125\Uppsala-Bel?ggning-Senaste-gpkg-2026_kvitto.xml"
"Uppsala-M?tdata-Senaste-csv-2026_kvitto.xml","2138","H:\Delade enheter\Milj?beslut\GEodata\lastkajen\10125\Uppsala-M?tdata-Senaste-csv-2026_kvitto.xml"
"V?rmland-M?tdata-Senaste-gpkg-2026_kvitto.xml","2138","H:\Delade enheter\Milj?beslut\GEodata\lastkajen\10125\V?rmland-M?tdata-Senaste-gpkg-2026_kvitto.xml"
"V?rmland-M?tdata-Historik-gpkg-2026_kvitto.xml","2138","H:\Delade enheter\Milj?beslut\GEodata\lastkajen\10125\V?rmland-M?tdata-Historik-gpkg-2026_kvitto.xml"
"V?rmland-Bel?ggning-Historik-csv-2026.zip","44476","H:\Delade enheter\Milj?beslut\GEodata\lastkajen\10125\V?rmland-Bel?ggning-Historik-csv-2026.zip"
"V?sterbotten-Bel?ggning-Historik-csv-2026_kvitto.xml","2138","H:\Delade enheter\Milj?beslut\GEodata\lastkajen\10125\V?sterbotten-Bel?ggning-Historik-csv-2026_kvitto.xml"
"Uppsala-Bel?ggning-Senaste-csv-2026.zip","45382","H:\Delade enheter\Milj?beslut\GEodata\lastkajen\10125\Uppsala-Bel?ggning-Senaste-csv-2026.zip"
"Uppsala-M?tdata-Senaste-gpkg-2026_kvitto.xml","2138","H:\Delade enheter\Milj?beslut\GEodata\lastkajen\10125\Uppsala-M?tdata-Senaste-gpkg-2026_kvitto.xml"
"V?sterbotten-M?tdata-Historik-csv-2026_kvitto.xml","2138","H:\Delade enheter\Milj?beslut\GEodata\lastkajen\10125\V?sterbotten-M?tdata-Historik-csv-2026_kvitto.xml"
"V?rmland-Avvattning-Senaste-csv-2026.zip","11901","H:\Delade enheter\Milj?beslut\GEodata\lastkajen\10125\V?rmland-Avvattning-Senaste-csv-2026.zip"
"V?rmland-Avvattning-Senaste-csv-2026_kvitto.xml","2138","H:\Delade enheter\Milj?beslut\GEodata\lastkajen\10125\V?rmland-Avvattning-Senaste-csv-2026_kvitto.xml"
"V?rmland-Bel?ggning-Senaste-csv-2026_kvitto.xml","2138","H:\Delade enheter\Milj?beslut\GEodata\lastkajen\10125\V?rmland-Bel?ggning-Senaste-csv-2026_kvitto.xml"
"V?sterbotten-Avvattning-Senaste-csv-2026_kvitto.xml","2138","H:\Delade enheter\Milj?beslut\GEodata\lastkajen\10125\V?sterbotten-Avvattning-Senaste-csv-2026_kvitto.xml"
"Uppsala-Bel?ggning-Senaste-csv-2026_kvitto.xml","2138","H:\Delade enheter\Milj?beslut\GEodata\lastkajen\10125\Uppsala-Bel?ggning-Senaste-csv-2026_kvitto.xml"
"V?sterbotten-Bel?ggning-Senaste-gpkg-2026_kvitto.xml","2138","H:\Delade enheter\Milj?beslut\GEodata\lastkajen\10125\V?sterbotten-Bel?ggning-Senaste-gpkg-2026_kvitto.xml"
"V?rmland-Bel?ggning-Historik-gpkg-2026_kvitto.xml","2138","H:\Delade enheter\Milj?beslut\GEodata\lastkajen\10125\V?rmland-Bel?ggning-Historik-gpkg-2026_kvitto.xml"
"V?rmland-Bel?ggning-Historik-csv-2026_kvitto.xml","2138","H:\Delade enheter\Milj?beslut\GEodata\lastkajen\10125\V?rmland-Bel?ggning-Historik-csv-2026_kvitto.xml"
"V?rmland-Avvattning-Senaste-gpkg-2026_kvitto.xml","2138","H:\Delade enheter\Milj?beslut\GEodata\lastkajen\10125\V?rmland-Avvattning-Senaste-gpkg-2026_kvitto.xml"
"V?sterbotten-Bel?ggning-Senaste-csv-2026_kvitto.xml","2138","H:\Delade enheter\Milj?beslut\GEodata\lastkajen\10125\V?sterbotten-Bel?ggning-Senaste-csv-2026_kvitto.xml"
"V?rmland-M?tdata-Senaste-csv-2026_kvitto.xml","2138","H:\Delade enheter\Milj?beslut\GEodata\lastkajen\10125\V?rmland-M?tdata-Senaste-csv-2026_kvitto.xml"
"V?sterbotten-Bel?ggning-Historik-csv-2026.zip","75197","H:\Delade enheter\Milj?beslut\GEodata\lastkajen\10125\V?sterbotten-Bel?ggning-Historik-csv-2026.zip"
"Uppsala-M?tdata-Historik-gpkg-2026_kvitto.xml","2138","H:\Delade enheter\Milj?beslut\GEodata\lastkajen\10125\Uppsala-M?tdata-Historik-gpkg-2026_kvitto.xml"
"S?dermanland-M?tdata-Historik-csv-2026_kvitto.xml","2138","H:\Delade enheter\Milj?beslut\GEodata\lastkajen\10125\S?dermanland-M?tdata-Historik-csv-2026_kvitto.xml"
"S?dermanland-M?tdata-Senaste-csv-2026_kvitto.xml","2138","H:\Delade enheter\Milj?beslut\GEodata\lastkajen\10125\S?dermanland-M?tdata-Senaste-csv-2026_kvitto.xml"
"S?dermanland-Bel?ggning-Senaste-gpkg-2026_kvitto.xml","2138","H:\Delade enheter\Milj?beslut\GEodata\lastkajen\10125\S?dermanland-Bel?ggning-Senaste-gpkg-2026_kvitto.xml"
"S?dermanland-M?tdata-Historik-gpkg-2026_kvitto.xml","2138","H:\Delade enheter\Milj?beslut\GEodata\lastkajen\10125\S?dermanland-M?tdata-Historik-gpkg-2026_kvitto.xml"
"S?dermanland-Bel?ggning-Senaste-csv-2026_kvitto.xml","2138","H:\Delade enheter\Milj?beslut\GEodata\lastkajen\10125\S?dermanland-Bel?ggning-Senaste-csv-2026_kvitto.xml"
"S?dermanland-M?tdata-Senaste-gpkg-2026_kvitto.xml","2138","H:\Delade enheter\Milj?beslut\GEodata\lastkajen\10125\S?dermanland-M?tdata-Senaste-gpkg-2026_kvitto.xml"
"Uppsala-Bel?ggning-Historik-csv-2026.zip","66908","H:\Delade enheter\Milj?beslut\GEodata\lastkajen\10125\Uppsala-Bel?ggning-Historik-csv-2026.zip"
"Uppsala-Bel?ggning-Historik-csv-2026_kvitto.xml","2138","H:\Delade enheter\Milj?beslut\GEodata\lastkajen\10125\Uppsala-Bel?ggning-Historik-csv-2026_kvitto.xml"
"Uppsala-Avvattning-Senaste-gpkg-2026_kvitto.xml","2138","H:\Delade enheter\Milj?beslut\GEodata\lastkajen\10125\Uppsala-Avvattning-Senaste-gpkg-2026_kvitto.xml"
"S?dermanland-Bel?ggning-Historik-gpkg-2026_kvitto.xml","2138","H:\Delade enheter\Milj?beslut\GEodata\lastkajen\10125\S?dermanland-Bel?ggning-Historik-gpkg-2026_kvitto.xml"
"Uppsala-Avvattning-Senaste-csv-2026.zip","6763","H:\Delade enheter\Milj?beslut\GEodata\lastkajen\10125\Uppsala-Avvattning-Senaste-csv-2026.zip"
"Uppsala-Avvattning-Senaste-csv-2026_kvitto.xml","2138","H:\Delade enheter\Milj?beslut\GEodata\lastkajen\10125\Uppsala-Avvattning-Senaste-csv-2026_kvitto.xml"
"Uppsala-Avvattning-Senaste-gpkg-2026.zip","937924","H:\Delade enheter\Milj?beslut\GEodata\lastkajen\10125\Uppsala-Avvattning-Senaste-gpkg-2026.zip"
"S?dermanland-Bel?ggning-Historik-csv-2026.zip","35191","H:\Delade enheter\Milj?beslut\GEodata\lastkajen\10125\S?dermanland-Bel?ggning-Historik-csv-2026.zip"
"S?dermanland-Bel?ggning-Senaste-csv-2026.zip","35766","H:\Delade enheter\Milj?beslut\GEodata\lastkajen\10125\S?dermanland-Bel?ggning-Senaste-csv-2026.zip"
"Uppsala-Bel?ggning-Historik-gpkg-2026_kvitto.xml","2138","H:\Delade enheter\Milj?beslut\GEodata\lastkajen\10125\Uppsala-Bel?ggning-Historik-gpkg-2026_kvitto.xml"
"V?stra G?taland-M?tdata-Senaste-gpkg-2026_kvitto.xml","2138","H:\Delade enheter\Milj?beslut\GEodata\lastkajen\10125\V?stra G?taland-M?tdata-Senaste-gpkg-2026_kvitto.xml"
"V?stmanland-M?tdata-Historik-csv-2026_kvitto.xml","2138","H:\Delade enheter\Milj?beslut\GEodata\lastkajen\10125\V?stmanland-M?tdata-Historik-csv-2026_kvitto.xml"
"V?stra G?taland-M?tdata-Senaste-csv-2026_kvitto.xml","2138","H:\Delade enheter\Milj?beslut\GEodata\lastkajen\10125\V?stra G?taland-M?tdata-Senaste-csv-2026_kvitto.xml"
"V?stmanland-M?tdata-Historik-gpkg-2026_kvitto.xml","2138","H:\Delade enheter\Milj?beslut\GEodata\lastkajen\10125\V?stmanland-M?tdata-Historik-gpkg-2026_kvitto.xml"
"V?stmanland-Bel?ggning-Historik-csv-2026.zip","40067","H:\Delade enheter\Milj?beslut\GEodata\lastkajen\10125\V?stmanland-Bel?ggning-Historik-csv-2026.zip"
"V?stmanland-Bel?ggning-Senaste-csv-2026.zip","29232","H:\Delade enheter\Milj?beslut\GEodata\lastkajen\10125\V?stmanland-Bel?ggning-Senaste-csv-2026.zip"
"V?stra G?taland-Bel?ggning-Historik-gpkg-2026_kvitto.xml","2138","H:\Delade enheter\Milj?beslut\GEodata\lastkajen\10125\V?stra G?taland-Bel?ggning-Historik-gpkg-2026_kvitto.xml"
"V?stmanland-M?tdata-Senaste-csv-2026_kvitto.xml","2138","H:\Delade enheter\Milj?beslut\GEodata\lastkajen\10125\V?stmanland-M?tdata-Senaste-csv-2026_kvitto.xml"
"V?stra G?taland-Avvattning-Senaste-csv-2026.zip","23036","H:\Delade enheter\Milj?beslut\GEodata\lastkajen\10125\V?stra G?taland-Avvattning-Senaste-csv-2026.zip"
"V?stmanland-Avvattning-Senaste-gpkg-2026_kvitto.xml","2138","H:\Delade enheter\Milj?beslut\GEodata\lastkajen\10125\V?stmanland-Avvattning-Senaste-gpkg-2026_kvitto.xml"
"?rebro-Bel?ggning-Historik-csv-2026_kvitto.xml","2138","H:\Delade enheter\Milj?beslut\GEodata\lastkajen\10125\?rebro-Bel?ggning-Historik-csv-2026_kvitto.xml"
"V?stmanland-Bel?ggning-Senaste-csv-2026_kvitto.xml","2138","H:\Delade enheter\Milj?beslut\GEodata\lastkajen\10125\V?stmanland-Bel?ggning-Senaste-csv-2026_kvitto.xml"
"V?stmanland-M?tdata-Senaste-gpkg-2026_kvitto.xml","2138","H:\Delade enheter\Milj?beslut\GEodata\lastkajen\10125\V?stmanland-M?tdata-Senaste-gpkg-2026_kvitto.xml"
"V?stra G?taland-Bel?ggning-Senaste-csv-2026_kvitto.xml","2138","H:\Delade enheter\Milj?beslut\GEodata\lastkajen\10125\V?stra G?taland-Bel?ggning-Senaste-csv-2026_kvitto.xml"
"V?stmanland-Bel?ggning-Historik-gpkg-2026_kvitto.xml","2138","H:\Delade enheter\Milj?beslut\GEodata\lastkajen\10125\V?stmanland-Bel?ggning-Historik-gpkg-2026_kvitto.xml"
"?rebro-Avvattning-Senaste-csv-2026_kvitto.xml","2138","H:\Delade enheter\Milj?beslut\GEodata\lastkajen\10125\?rebro-Avvattning-Senaste-csv-2026_kvitto.xml"
"V?stra G?taland-Avvattning-Senaste-csv-2026_kvitto.xml","2138","H:\Delade enheter\Milj?beslut\GEodata\lastkajen\10125\V?stra G?taland-Avvattning-Senaste-csv-2026_kvitto.xml"
"V?stra G?taland-Bel?ggning-Historik-csv-2026_kvitto.xml","2138","H:\Delade enheter\Milj?beslut\GEodata\lastkajen\10125\V?stra G?taland-Bel?ggning-Historik-csv-2026_kvitto.xml"
"V?stmanland-Bel?ggning-Historik-csv-2026_kvitto.xml","2138","H:\Delade enheter\Milj?beslut\GEodata\lastkajen\10125\V?stmanland-Bel?ggning-Historik-csv-2026_kvitto.xml"
"?rebro-Avvattning-Senaste-csv-2026.zip","5573","H:\Delade enheter\Milj?beslut\GEodata\lastkajen\10125\?rebro-Avvattning-Senaste-csv-2026.zip"
"V?stra G?taland-M?tdata-Historik-csv-2026_kvitto.xml","2138","H:\Delade enheter\Milj?beslut\GEodata\lastkajen\10125\V?stra G?taland-M?tdata-Historik-csv-2026_kvitto.xml"
"V?stmanland-Avvattning-Senaste-csv-2026.zip","6658","H:\Delade enheter\Milj?beslut\GEodata\lastkajen\10125\V?stmanland-Avvattning-Senaste-csv-2026.zip"
"?rebro-Avvattning-Senaste-gpkg-2026_kvitto.xml","2138","H:\Delade enheter\Milj?beslut\GEodata\lastkajen\10125\?rebro-Avvattning-Senaste-gpkg-2026_kvitto.xml"
"V?stmanland-Bel?ggning-Senaste-gpkg-2026_kvitto.xml","2138","H:\Delade enheter\Milj?beslut\GEodata\lastkajen\10125\V?stmanland-Bel?ggning-Senaste-gpkg-2026_kvitto.xml"
"?rebro-Bel?ggning-Historik-csv-2026.zip","44343","H:\Delade enheter\Milj?beslut\GEodata\lastkajen\10125\?rebro-Bel?ggning-Historik-csv-2026.zip"
"V?stra G?taland-Bel?ggning-Historik-csv-2026.zip","147606","H:\Delade enheter\Milj?beslut\GEodata\lastkajen\10125\V?stra G?taland-Bel?ggning-Historik-csv-2026.zip"
"V?stra G?taland-Avvattning-Senaste-gpkg-2026_kvitto.xml","2138","H:\Delade enheter\Milj?beslut\GEodata\lastkajen\10125\V?stra G?taland-Avvattning-Senaste-gpkg-2026_kvitto.xml"
"V?stra G?taland-Bel?ggning-Senaste-gpkg-2026_kvitto.xml","2138","H:\Delade enheter\Milj?beslut\GEodata\lastkajen\10125\V?stra G?taland-Bel?ggning-Senaste-gpkg-2026_kvitto.xml"
"V?stmanland-Avvattning-Senaste-csv-2026_kvitto.xml","2138","H:\Delade enheter\Milj?beslut\GEodata\lastkajen\10125\V?stmanland-Avvattning-Senaste-csv-2026_kvitto.xml"
"V?sternorrland-Bel?ggning-Senaste-csv-2026.zip","37987","H:\Delade enheter\Milj?beslut\GEodata\lastkajen\10125\V?sternorrland-Bel?ggning-Senaste-csv-2026.zip"
"V?sternorrland-Bel?ggning-Historik-csv-2026.zip","57460","H:\Delade enheter\Milj?beslut\GEodata\lastkajen\10125\V?sternorrland-Bel?ggning-Historik-csv-2026.zip"
"V?sternorrland-Bel?ggning-Historik-gpkg-2026_kvitto.xml","2138","H:\Delade enheter\Milj?beslut\GEodata\lastkajen\10125\V?sternorrland-Bel?ggning-Historik-gpkg-2026_kvitto.xml"
"V?sternorrland-Avvattning-Senaste-gpkg-2026.zip","601588","H:\Delade enheter\Milj?beslut\GEodata\lastkajen\10125\V?sternorrland-Avvattning-Senaste-gpkg-2026.zip"
"V?sternorrland-Bel?ggning-Senaste-csv-2026_kvitto.xml","2138","H:\Delade enheter\Milj?beslut\GEodata\lastkajen\10125\V?sternorrland-Bel?ggning-Senaste-csv-2026_kvitto.xml"
"V?sternorrland-M?tdata-Historik-csv-2026_kvitto.xml","2138","H:\Delade enheter\Milj?beslut\GEodata\lastkajen\10125\V?sternorrland-M?tdata-Historik-csv-2026_kvitto.xml"
"V?sternorrland-Bel?ggning-Senaste-gpkg-2026_kvitto.xml","2138","H:\Delade enheter\Milj?beslut\GEodata\lastkajen\10125\V?sternorrland-Bel?ggning-Senaste-gpkg-2026_kvitto.xml"
"V?sternorrland-M?tdata-Historik-gpkg-2026_kvitto.xml","2138","H:\Delade enheter\Milj?beslut\GEodata\lastkajen\10125\V?sternorrland-M?tdata-Historik-gpkg-2026_kvitto.xml"
"V?sternorrland-M?tdata-Senaste-csv-2026_kvitto.xml","2138","H:\Delade enheter\Milj?beslut\GEodata\lastkajen\10125\V?sternorrland-M?tdata-Senaste-csv-2026_kvitto.xml"
"V?sterbotten-M?tdata-Senaste-gpkg-2026_kvitto.xml","2138","H:\Delade enheter\Milj?beslut\GEodata\lastkajen\10125\V?sterbotten-M?tdata-Senaste-gpkg-2026_kvitto.xml"
"V?sternorrland-Avvattning-Senaste-csv-2026.zip","4283","H:\Delade enheter\Milj?beslut\GEodata\lastkajen\10125\V?sternorrland-Avvattning-Senaste-csv-2026.zip"
"V?sternorrland-M?tdata-Senaste-gpkg-2026_kvitto.xml","2138","H:\Delade enheter\Milj?beslut\GEodata\lastkajen\10125\V?sternorrland-M?tdata-Senaste-gpkg-2026_kvitto.xml"
"V?sterbotten-M?tdata-Senaste-csv-2026_kvitto.xml","2138","H:\Delade enheter\Milj?beslut\GEodata\lastkajen\10125\V?sterbotten-M?tdata-Senaste-csv-2026_kvitto.xml"
"V?sternorrland-Avvattning-Senaste-gpkg-2026_kvitto.xml","2138","H:\Delade enheter\Milj?beslut\GEodata\lastkajen\10125\V?sternorrland-Avvattning-Senaste-gpkg-2026_kvitto.xml"
"V?sternorrland-Bel?ggning-Historik-csv-2026_kvitto.xml","2138","H:\Delade enheter\Milj?beslut\GEodata\lastkajen\10125\V?sternorrland-Bel?ggning-Historik-csv-2026_kvitto.xml"
"V?sternorrland-Avvattning-Senaste-csv-2026_kvitto.xml","2138","H:\Delade enheter\Milj?beslut\GEodata\lastkajen\10125\V?sternorrland-Avvattning-Senaste-csv-2026_kvitto.xml"
"V?sterbotten-Bel?ggning-Senaste-csv-2026.zip","65485","H:\Delade enheter\Milj?beslut\GEodata\lastkajen\10125\V?sterbotten-Bel?ggning-Senaste-csv-2026.zip"
"?sterg?tland-Bel?ggning-Senaste-gpkg-2026_kvitto.xml","2138","H:\Delade enheter\Milj?beslut\GEodata\lastkajen\10125\?sterg?tland-Bel?ggning-Senaste-gpkg-2026_kvitto.xml"
"?sterg?tland-M?tdata-Senaste-csv-2026_kvitto.xml","2138","H:\Delade enheter\Milj?beslut\GEodata\lastkajen\10125\?sterg?tland-M?tdata-Senaste-csv-2026_kvitto.xml"
"?sterg?tland-M?tdata-Historik-csv-2026_kvitto.xml","2138","H:\Delade enheter\Milj?beslut\GEodata\lastkajen\10125\?sterg?tland-M?tdata-Historik-csv-2026_kvitto.xml"
"?sterg?tland-M?tdata-Senaste-gpkg-2026_kvitto.xml","2138","H:\Delade enheter\Milj?beslut\GEodata\lastkajen\10125\?sterg?tland-M?tdata-Senaste-gpkg-2026_kvitto.xml"
"?rebro-M?tdata-Senaste-csv-2026_kvitto.xml","2138","H:\Delade enheter\Milj?beslut\GEodata\lastkajen\10125\?rebro-M?tdata-Senaste-csv-2026_kvitto.xml"
"?sterg?tland-Bel?ggning-Historik-gpkg-2026_kvitto.xml","2138","H:\Delade enheter\Milj?beslut\GEodata\lastkajen\10125\?sterg?tland-Bel?ggning-Historik-gpkg-2026_kvitto.xml"
"?sterg?tland-Bel?ggning-Senaste-csv-2026.zip","55532","H:\Delade enheter\Milj?beslut\GEodata\lastkajen\10125\?sterg?tland-Bel?ggning-Senaste-csv-2026.zip"
"?sterg?tland-M?tdata-Historik-gpkg-2026_kvitto.xml","2138","H:\Delade enheter\Milj?beslut\GEodata\lastkajen\10125\?sterg?tland-M?tdata-Historik-gpkg-2026_kvitto.xml"
"?rebro-Bel?ggning-Senaste-csv-2026_kvitto.xml","2138","H:\Delade enheter\Milj?beslut\GEodata\lastkajen\10125\?rebro-Bel?ggning-Senaste-csv-2026_kvitto.xml"
"?sterg?tland-Bel?ggning-Historik-csv-2026_kvitto.xml","2138","H:\Delade enheter\Milj?beslut\GEodata\lastkajen\10125\?sterg?tland-Bel?ggning-Historik-csv-2026_kvitto.xml"
"?rebro-Bel?ggning-Historik-gpkg-2026_kvitto.xml","2138","H:\Delade enheter\Milj?beslut\GEodata\lastkajen\10125\?rebro-Bel?ggning-Historik-gpkg-2026_kvitto.xml"
"?rebro-M?tdata-Historik-gpkg-2026_kvitto.xml","2138","H:\Delade enheter\Milj?beslut\GEodata\lastkajen\10125\?rebro-M?tdata-Historik-gpkg-2026_kvitto.xml"
"?rebro-Bel?ggning-Senaste-gpkg-2026_kvitto.xml","2138","H:\Delade enheter\Milj?beslut\GEodata\lastkajen\10125\?rebro-Bel?ggning-Senaste-gpkg-2026_kvitto.xml"
"?rebro-M?tdata-Senaste-gpkg-2026_kvitto.xml","2138","H:\Delade enheter\Milj?beslut\GEodata\lastkajen\10125\?rebro-M?tdata-Senaste-gpkg-2026_kvitto.xml"
"?sterg?tland-Bel?ggning-Historik-csv-2026.zip","87234","H:\Delade enheter\Milj?beslut\GEodata\lastkajen\10125\?sterg?tland-Bel?ggning-Historik-csv-2026.zip"
"?sterg?tland-Avvattning-Senaste-csv-2026.zip","8464","H:\Delade enheter\Milj?beslut\GEodata\lastkajen\10125\?sterg?tland-Avvattning-Senaste-csv-2026.zip"
"V?stra G?taland-Bel?ggning-Senaste-csv-2026.zip","206915","H:\Delade enheter\Milj?beslut\GEodata\lastkajen\10125\V?stra G?taland-Bel?ggning-Senaste-csv-2026.zip"
"?rebro-M?tdata-Historik-csv-2026_kvitto.xml","2138","H:\Delade enheter\Milj?beslut\GEodata\lastkajen\10125\?rebro-M?tdata-Historik-csv-2026_kvitto.xml"
"?sterg?tland-Bel?ggning-Senaste-csv-2026_kvitto.xml","2138","H:\Delade enheter\Milj?beslut\GEodata\lastkajen\10125\?sterg?tland-Bel?ggning-Senaste-csv-2026_kvitto.xml"
"V?stra G?taland-M?tdata-Historik-gpkg-2026_kvitto.xml","2138","H:\Delade enheter\Milj?beslut\GEodata\lastkajen\10125\V?stra G?taland-M?tdata-Historik-gpkg-2026_kvitto.xml"
"?sterg?tland-Avvattning-Senaste-csv-2026_kvitto.xml","2138","H:\Delade enheter\Milj?beslut\GEodata\lastkajen\10125\?sterg?tland-Avvattning-Senaste-csv-2026_kvitto.xml"
"?rebro-Avvattning-Senaste-gpkg-2026.zip","889392","H:\Delade enheter\Milj?beslut\GEodata\lastkajen\10125\?rebro-Avvattning-Senaste-gpkg-2026.zip"
"?rebro-Bel?ggning-Senaste-csv-2026.zip","38060","H:\Delade enheter\Milj?beslut\GEodata\lastkajen\10125\?rebro-Bel?ggning-Senaste-csv-2026.zip"
"?sterg?tland-Avvattning-Senaste-gpkg-2026_kvitto.xml","2138","H:\Delade enheter\Milj?beslut\GEodata\lastkajen\10125\?sterg?tland-Avvattning-Senaste-gpkg-2026_kvitto.xml"
"Alla-l?n-?vers?ttningstabell-OID-L?pandeL?ngd-csv-2026.zip","1605385","H:\Delade enheter\Milj?beslut\GEodata\lastkajen\10125\Alla-l?n-?vers?ttningstabell-OID-L?pandeL?ngd-csv-2026.zip"
"Blekinge-Bel?ggning-Senaste-gpkg-2026.zip","1717001","H:\Delade enheter\Milj?beslut\GEodata\lastkajen\10125\Blekinge-Bel?ggning-Senaste-gpkg-2026.zip"
"Blekinge-Bel?ggning-Historik-gpkg-2026.zip","1593564","H:\Delade enheter\Milj?beslut\GEodata\lastkajen\10125\Blekinge-Bel?ggning-Historik-gpkg-2026.zip"
"Blekinge-M?tdata-Historik-csv-2026.zip","33324111","H:\Delade enheter\Milj?beslut\GEodata\lastkajen\10125\Blekinge-M?tdata-Historik-csv-2026.zip"
"Blekinge-M?tdata-Senaste-csv-2026.zip","5641395","H:\Delade enheter\Milj?beslut\GEodata\lastkajen\10125\Blekinge-M?tdata-Senaste-csv-2026.zip"
"Blekinge-M?tdata-Historik-gpkg-2026.zip","146225854","H:\Delade enheter\Milj?beslut\GEodata\lastkajen\10125\Blekinge-M?tdata-Historik-gpkg-2026.zip"
"Dalarna-Bel?ggning-Senaste-gpkg-2026.zip","4405503","H:\Delade enheter\Milj?beslut\GEodata\lastkajen\10125\Dalarna-Bel?ggning-Senaste-gpkg-2026.zip"
"Dalarna-Bel?ggning-Historik-gpkg-2026.zip","4478430","H:\Delade enheter\Milj?beslut\GEodata\lastkajen\10125\Dalarna-Bel?ggning-Historik-gpkg-2026.zip"
"Blekinge-M?tdata-Senaste-gpkg-2026.zip","22843581","H:\Delade enheter\Milj?beslut\GEodata\lastkajen\10125\Blekinge-M?tdata-Senaste-gpkg-2026.zip"
"Dalarna-M?tdata-Historik-csv-2026.zip","94494377","H:\Delade enheter\Milj?beslut\GEodata\lastkajen\10125\Dalarna-M?tdata-Historik-csv-2026.zip"
"Dalarna-M?tdata-Historik-gpkg-2026.zip","413387313","H:\Delade enheter\Milj?beslut\GEodata\lastkajen\10125\Dalarna-M?tdata-Historik-gpkg-2026.zip"
"Dalarna-M?tdata-Senaste-csv-2026.zip","14539048","H:\Delade enheter\Milj?beslut\GEodata\lastkajen\10125\Dalarna-M?tdata-Senaste-csv-2026.zip"
"Gotland-Bel?ggning-Senaste-gpkg-2026.zip","1232119","H:\Delade enheter\Milj?beslut\GEodata\lastkajen\10125\Gotland-Bel?ggning-Senaste-gpkg-2026.zip"
"Gotland-M?tdata-Historik-csv-2026.zip","25421139","H:\Delade enheter\Milj?beslut\GEodata\lastkajen\10125\Gotland-M?tdata-Historik-csv-2026.zip"
"Dalarna-M?tdata-Senaste-gpkg-2026.zip","60849178","H:\Delade enheter\Milj?beslut\GEodata\lastkajen\10125\Dalarna-M?tdata-Senaste-gpkg-2026.zip"
"Gotland-M?tdata-Senaste-csv-2026.zip","5006534","H:\Delade enheter\Milj?beslut\GEodata\lastkajen\10125\Gotland-M?tdata-Senaste-csv-2026.zip"
"Gotland-M?tdata-Historik-gpkg-2026.zip","106857219","H:\Delade enheter\Milj?beslut\GEodata\lastkajen\10125\Gotland-M?tdata-Historik-gpkg-2026.zip"
"G?vleborg-Avvattning-Senaste-gpkg-2026.zip","1341726","H:\Delade enheter\Milj?beslut\GEodata\lastkajen\10125\G?vleborg-Avvattning-Senaste-gpkg-2026.zip"
"Gotland-M?tdata-Senaste-gpkg-2026.zip","20602310","H:\Delade enheter\Milj?beslut\GEodata\lastkajen\10125\Gotland-M?tdata-Senaste-gpkg-2026.zip"
"G?vleborg-Bel?ggning-Historik-gpkg-2026.zip","5176164","H:\Delade enheter\Milj?beslut\GEodata\lastkajen\10125\G?vleborg-Bel?ggning-Historik-gpkg-2026.zip"
"G?vleborg-Bel?ggning-Senaste-gpkg-2026.zip","3455448","H:\Delade enheter\Milj?beslut\GEodata\lastkajen\10125\G?vleborg-Bel?ggning-Senaste-gpkg-2026.zip"
"G?vleborg-M?tdata-Historik-csv-2026.zip","71359825","H:\Delade enheter\Milj?beslut\GEodata\lastkajen\10125\G?vleborg-M?tdata-Historik-csv-2026.zip"
"G?vleborg-M?tdata-Senaste-csv-2026.zip","10714163","H:\Delade enheter\Milj?beslut\GEodata\lastkajen\10125\G?vleborg-M?tdata-Senaste-csv-2026.zip"
"G?vleborg-M?tdata-Historik-gpkg-2026.zip","313207776","H:\Delade enheter\Milj?beslut\GEodata\lastkajen\10125\G?vleborg-M?tdata-Historik-gpkg-2026.zip"
"G?vleborg-M?tdata-Senaste-gpkg-2026.zip","44962817","H:\Delade enheter\Milj?beslut\GEodata\lastkajen\10125\G?vleborg-M?tdata-Senaste-gpkg-2026.zip"
"Halland-Bel?ggning-Historik-gpkg-2026.zip","1846696","H:\Delade enheter\Milj?beslut\GEodata\lastkajen\10125\Halland-Bel?ggning-Historik-gpkg-2026.zip"
"Halland-Bel?ggning-Senaste-gpkg-2026.zip","2668259","H:\Delade enheter\Milj?beslut\GEodata\lastkajen\10125\Halland-Bel?ggning-Senaste-gpkg-2026.zip"
"Halland-M?tdata-Historik-csv-2026.zip","70005894","H:\Delade enheter\Milj?beslut\GEodata\lastkajen\10125\Halland-M?tdata-Historik-csv-2026.zip"
"Halland-M?tdata-Senaste-csv-2026.zip","10567049","H:\Delade enheter\Milj?beslut\GEodata\lastkajen\10125\Halland-M?tdata-Senaste-csv-2026.zip"
"Halland-M?tdata-Historik-gpkg-2026.zip","301659310","H:\Delade enheter\Milj?beslut\GEodata\lastkajen\10125\Halland-M?tdata-Historik-gpkg-2026.zip"
"J?mtland-Bel?ggning-Historik-gpkg-2026.zip","4003152","H:\Delade enheter\Milj?beslut\GEodata\lastkajen\10125\J?mtland-Bel?ggning-Historik-gpkg-2026.zip"
"J?mtland-Bel?ggning-Senaste-gpkg-2026.zip","3461373","H:\Delade enheter\Milj?beslut\GEodata\lastkajen\10125\J?mtland-Bel?ggning-Senaste-gpkg-2026.zip"
"Halland-M?tdata-Senaste-gpkg-2026.zip","42959186","H:\Delade enheter\Milj?beslut\GEodata\lastkajen\10125\Halland-M?tdata-Senaste-gpkg-2026.zip"
"J?mtland-M?tdata-Historik-csv-2026.zip","75300990","H:\Delade enheter\Milj?beslut\GEodata\lastkajen\10125\J?mtland-M?tdata-Historik-csv-2026.zip"
"J?mtland-M?tdata-Senaste-csv-2026.zip","13081585","H:\Delade enheter\Milj?beslut\GEodata\lastkajen\10125\J?mtland-M?tdata-Senaste-csv-2026.zip"
"J?mtland-M?tdata-Historik-gpkg-2026.zip","317504576","H:\Delade enheter\Milj?beslut\GEodata\lastkajen\10125\J?mtland-M?tdata-Historik-gpkg-2026.zip"
"J?nk?ping-Avvattning-Senaste-gpkg-2026.zip","2055595","H:\Delade enheter\Milj?beslut\GEodata\lastkajen\10125\J?nk?ping-Avvattning-Senaste-gpkg-2026.zip"
"J?mtland-M?tdata-Senaste-gpkg-2026.zip","51689509","H:\Delade enheter\Milj?beslut\GEodata\lastkajen\10125\J?mtland-M?tdata-Senaste-gpkg-2026.zip"
"J?nk?ping-Bel?ggning-Historik-gpkg-2026.zip","4740939","H:\Delade enheter\Milj?beslut\GEodata\lastkajen\10125\J?nk?ping-Bel?ggning-Historik-gpkg-2026.zip"
"J?nk?ping-Bel?ggning-Senaste-gpkg-2026.zip","4832526","H:\Delade enheter\Milj?beslut\GEodata\lastkajen\10125\J?nk?ping-Bel?ggning-Senaste-gpkg-2026.zip"
"J?nk?ping-M?tdata-Historik-csv-2026.zip","95510359","H:\Delade enheter\Milj?beslut\GEodata\lastkajen\10125\J?nk?ping-M?tdata-Historik-csv-2026.zip"
"J?nk?ping-M?tdata-Senaste-csv-2026.zip","15156609","H:\Delade enheter\Milj?beslut\GEodata\lastkajen\10125\J?nk?ping-M?tdata-Senaste-csv-2026.zip"
"J?nk?ping-M?tdata-Historik-gpkg-2026.zip","423334577","H:\Delade enheter\Milj?beslut\GEodata\lastkajen\10125\J?nk?ping-M?tdata-Historik-gpkg-2026.zip"
"Kalmar-Avvattning-Senaste-gpkg-2026.zip","1914516","H:\Delade enheter\Milj?beslut\GEodata\lastkajen\10125\Kalmar-Avvattning-Senaste-gpkg-2026.zip"
"J?nk?ping-M?tdata-Senaste-gpkg-2026.zip","63172988","H:\Delade enheter\Milj?beslut\GEodata\lastkajen\10125\J?nk?ping-M?tdata-Senaste-gpkg-2026.zip"
"Kalmar-Bel?ggning-Historik-gpkg-2026.zip","3160473","H:\Delade enheter\Milj?beslut\GEodata\lastkajen\10125\Kalmar-Bel?ggning-Historik-gpkg-2026.zip"
"Kalmar-Bel?ggning-Senaste-gpkg-2026.zip","3726823","H:\Delade enheter\Milj?beslut\GEodata\lastkajen\10125\Kalmar-Bel?ggning-Senaste-gpkg-2026.zip"
"Kalmar-M?tdata-Historik-csv-2026.zip","76228810","H:\Delade enheter\Milj?beslut\GEodata\lastkajen\10125\Kalmar-M?tdata-Historik-csv-2026.zip"
"Kalmar-M?tdata-Historik-gpkg-2026.zip","340824965","H:\Delade enheter\Milj?beslut\GEodata\lastkajen\10125\Kalmar-M?tdata-Historik-gpkg-2026.zip"
"Kalmar-M?tdata-Senaste-csv-2026.zip","12552505","H:\Delade enheter\Milj?beslut\GEodata\lastkajen\10125\Kalmar-M?tdata-Senaste-csv-2026.zip"
"Kronoberg-Bel?ggning-Historik-gpkg-2026.zip","3156463","H:\Delade enheter\Milj?beslut\GEodata\lastkajen\10125\Kronoberg-Bel?ggning-Historik-gpkg-2026.zip"
"Kronoberg-Avvattning-Senaste-gpkg-2026.zip","2103166","H:\Delade enheter\Milj?beslut\GEodata\lastkajen\10125\Kronoberg-Avvattning-Senaste-gpkg-2026.zip"
"Kalmar-M?tdata-Senaste-gpkg-2026.zip","52515702","H:\Delade enheter\Milj?beslut\GEodata\lastkajen\10125\Kalmar-M?tdata-Senaste-gpkg-2026.zip"
"Kronoberg-Bel?ggning-Senaste-gpkg-2026.zip","3649574","H:\Delade enheter\Milj?beslut\GEodata\lastkajen\10125\Kronoberg-Bel?ggning-Senaste-gpkg-2026.zip"
"Kronoberg-M?tdata-Historik-csv-2026.zip","74415971","H:\Delade enheter\Milj?beslut\GEodata\lastkajen\10125\Kronoberg-M?tdata-Historik-csv-2026.zip"
"Kronoberg-M?tdata-Senaste-csv-2026.zip","12181722","H:\Delade enheter\Milj?beslut\GEodata\lastkajen\10125\Kronoberg-M?tdata-Senaste-csv-2026.zip"
"Kronoberg-M?tdata-Historik-gpkg-2026.zip","332401019","H:\Delade enheter\Milj?beslut\GEodata\lastkajen\10125\Kronoberg-M?tdata-Historik-gpkg-2026.zip"
"Norrbotten-Avvattning-Senaste-gpkg-2026.zip","1742251","H:\Delade enheter\Milj?beslut\GEodata\lastkajen\10125\Norrbotten-Avvattning-Senaste-gpkg-2026.zip"
"Kronoberg-M?tdata-Senaste-gpkg-2026.zip","51163748","H:\Delade enheter\Milj?beslut\GEodata\lastkajen\10125\Kronoberg-M?tdata-Senaste-gpkg-2026.zip"
"Norrbotten-Bel?ggning-Senaste-gpkg-2026.zip","4353176","H:\Delade enheter\Milj?beslut\GEodata\lastkajen\10125\Norrbotten-Bel?ggning-Senaste-gpkg-2026.zip"
"Norrbotten-Bel?ggning-Historik-gpkg-2026.zip","5711563","H:\Delade enheter\Milj?beslut\GEodata\lastkajen\10125\Norrbotten-Bel?ggning-Historik-gpkg-2026.zip"
"Norrbotten-M?tdata-Historik-csv-2026.zip","129753816","H:\Delade enheter\Milj?beslut\GEodata\lastkajen\10125\Norrbotten-M?tdata-Historik-csv-2026.zip"
"Norrbotten-M?tdata-Senaste-csv-2026.zip","18590167","H:\Delade enheter\Milj?beslut\GEodata\lastkajen\10125\Norrbotten-M?tdata-Senaste-csv-2026.zip"
"Norrbotten-M?tdata-Historik-gpkg-2026.zip","538250893","H:\Delade enheter\Milj?beslut\GEodata\lastkajen\10125\Norrbotten-M?tdata-Historik-gpkg-2026.zip"
"Sk?ne-Avvattning-Senaste-gpkg-2026.zip","2827621","H:\Delade enheter\Milj?beslut\GEodata\lastkajen\10125\Sk?ne-Avvattning-Senaste-gpkg-2026.zip"
"Norrbotten-M?tdata-Senaste-gpkg-2026.zip","71750700","H:\Delade enheter\Milj?beslut\GEodata\lastkajen\10125\Norrbotten-M?tdata-Senaste-gpkg-2026.zip"
"Sk?ne-Bel?ggning-Historik-gpkg-2026.zip","5557754","H:\Delade enheter\Milj?beslut\GEodata\lastkajen\10125\Sk?ne-Bel?ggning-Historik-gpkg-2026.zip"
"Sk?ne-Bel?ggning-Senaste-gpkg-2026.zip","7027117","H:\Delade enheter\Milj?beslut\GEodata\lastkajen\10125\Sk?ne-Bel?ggning-Senaste-gpkg-2026.zip"
"Sk?ne-M?tdata-Historik-csv-2026.zip","178693138","H:\Delade enheter\Milj?beslut\GEodata\lastkajen\10125\Sk?ne-M?tdata-Historik-csv-2026.zip"
"Sk?ne-M?tdata-Senaste-csv-2026.zip","27000205","H:\Delade enheter\Milj?beslut\GEodata\lastkajen\10125\Sk?ne-M?tdata-Senaste-csv-2026.zip"
"Sk?ne-M?tdata-Historik-gpkg-2026.zip","778535914","H:\Delade enheter\Milj?beslut\GEodata\lastkajen\10125\Sk?ne-M?tdata-Historik-gpkg-2026.zip"
"Stockholm-Bel?ggning-Historik-gpkg-2026.zip","3847068","H:\Delade enheter\Milj?beslut\GEodata\lastkajen\10125\Stockholm-Bel?ggning-Historik-gpkg-2026.zip"
"Stockholm-Bel?ggning-Senaste-gpkg-2026.zip","3556946","H:\Delade enheter\Milj?beslut\GEodata\lastkajen\10125\Stockholm-Bel?ggning-Senaste-gpkg-2026.zip"
"Sk?ne-M?tdata-Senaste-gpkg-2026.zip","110403269","H:\Delade enheter\Milj?beslut\GEodata\lastkajen\10125\Sk?ne-M?tdata-Senaste-gpkg-2026.zip"
"Stockholm-M?tdata-Historik-csv-2026.zip","89574260","H:\Delade enheter\Milj?beslut\GEodata\lastkajen\10125\Stockholm-M?tdata-Historik-csv-2026.zip"
"Stockholm-M?tdata-Senaste-csv-2026.zip","11170696","H:\Delade enheter\Milj?beslut\GEodata\lastkajen\10125\Stockholm-M?tdata-Senaste-csv-2026.zip"
"Stockholm-M?tdata-Historik-gpkg-2026.zip","399647550","H:\Delade enheter\Milj?beslut\GEodata\lastkajen\10125\Stockholm-M?tdata-Historik-gpkg-2026.zip"
"Stockholm-M?tdata-Senaste-gpkg-2026.zip","47416097","H:\Delade enheter\Milj?beslut\GEodata\lastkajen\10125\Stockholm-M?tdata-Senaste-gpkg-2026.zip"
"S?dermanland-Bel?ggning-Senaste-gpkg-2026.zip","2960036","H:\Delade enheter\Milj?beslut\GEodata\lastkajen\10125\S?dermanland-Bel?ggning-Senaste-gpkg-2026.zip"
"S?dermanland-Bel?ggning-Historik-gpkg-2026.zip","4352862","H:\Delade enheter\Milj?beslut\GEodata\lastkajen\10125\S?dermanland-Bel?ggning-Historik-gpkg-2026.zip"
"S?dermanland-M?tdata-Historik-csv-2026.zip","53449678","H:\Delade enheter\Milj?beslut\GEodata\lastkajen\10125\S?dermanland-M?tdata-Historik-csv-2026.zip"
"S?dermanland-M?tdata-Senaste-csv-2026.zip","7981087","H:\Delade enheter\Milj?beslut\GEodata\lastkajen\10125\S?dermanland-M?tdata-Senaste-csv-2026.zip"
"S?dermanland-M?tdata-Historik-gpkg-2026.zip","243935817","H:\Delade enheter\Milj?beslut\GEodata\lastkajen\10125\S?dermanland-M?tdata-Historik-gpkg-2026.zip"
"Uppsala-Bel?ggning-Historik-gpkg-2026.zip","4088452","H:\Delade enheter\Milj?beslut\GEodata\lastkajen\10125\Uppsala-Bel?ggning-Historik-gpkg-2026.zip"
"S?dermanland-M?tdata-Senaste-gpkg-2026.zip","33242247","H:\Delade enheter\Milj?beslut\GEodata\lastkajen\10125\S?dermanland-M?tdata-Senaste-gpkg-2026.zip"
"Uppsala-Bel?ggning-Senaste-gpkg-2026.zip","2784795","H:\Delade enheter\Milj?beslut\GEodata\lastkajen\10125\Uppsala-Bel?ggning-Senaste-gpkg-2026.zip"
"Uppsala-M?tdata-Historik-csv-2026.zip","64843128","H:\Delade enheter\Milj?beslut\GEodata\lastkajen\10125\Uppsala-M?tdata-Historik-csv-2026.zip"
"Uppsala-M?tdata-Historik-gpkg-2026.zip","284239017","H:\Delade enheter\Milj?beslut\GEodata\lastkajen\10125\Uppsala-M?tdata-Historik-gpkg-2026.zip"
"Uppsala-M?tdata-Senaste-csv-2026.zip","9846946","H:\Delade enheter\Milj?beslut\GEodata\lastkajen\10125\Uppsala-M?tdata-Senaste-csv-2026.zip"
"V?rmland-Bel?ggning-Historik-gpkg-2026.zip","3933681","H:\Delade enheter\Milj?beslut\GEodata\lastkajen\10125\V?rmland-Bel?ggning-Historik-gpkg-2026.zip"
"V?rmland-Avvattning-Senaste-gpkg-2026.zip","1547890","H:\Delade enheter\Milj?beslut\GEodata\lastkajen\10125\V?rmland-Avvattning-Senaste-gpkg-2026.zip"
"Uppsala-M?tdata-Senaste-gpkg-2026.zip","41401977","H:\Delade enheter\Milj?beslut\GEodata\lastkajen\10125\Uppsala-M?tdata-Senaste-gpkg-2026.zip"
"V?rmland-Bel?ggning-Senaste-gpkg-2026.zip","3469034","H:\Delade enheter\Milj?beslut\GEodata\lastkajen\10125\V?rmland-Bel?ggning-Senaste-gpkg-2026.zip"
"V?rmland-M?tdata-Historik-csv-2026.zip","75660282","H:\Delade enheter\Milj?beslut\GEodata\lastkajen\10125\V?rmland-M?tdata-Historik-csv-2026.zip"
"V?rmland-M?tdata-Senaste-csv-2026.zip","12006663","H:\Delade enheter\Milj?beslut\GEodata\lastkajen\10125\V?rmland-M?tdata-Senaste-csv-2026.zip"
"V?rmland-M?tdata-Historik-gpkg-2026.zip","326893741","H:\Delade enheter\Milj?beslut\GEodata\lastkajen\10125\V?rmland-M?tdata-Historik-gpkg-2026.zip"
"V?rmland-M?tdata-Senaste-gpkg-2026.zip","48122603","H:\Delade enheter\Milj?beslut\GEodata\lastkajen\10125\V?rmland-M?tdata-Senaste-gpkg-2026.zip"
"V?sterbotten-Avvattning-Senaste-gpkg-2026.zip","1490237","H:\Delade enheter\Milj?beslut\GEodata\lastkajen\10125\V?sterbotten-Avvattning-Senaste-gpkg-2026.zip"
"V?sterbotten-Bel?ggning-Historik-gpkg-2026.zip","6290584","H:\Delade enheter\Milj?beslut\GEodata\lastkajen\10125\V?sterbotten-Bel?ggning-Historik-gpkg-2026.zip"
"V?sterbotten-Bel?ggning-Senaste-gpkg-2026.zip","5016621","H:\Delade enheter\Milj?beslut\GEodata\lastkajen\10125\V?sterbotten-Bel?ggning-Senaste-gpkg-2026.zip"
"V?sterbotten-M?tdata-Historik-csv-2026.zip","123536680","H:\Delade enheter\Milj?beslut\GEodata\lastkajen\10125\V?sterbotten-M?tdata-Historik-csv-2026.zip"
"V?sterbotten-M?tdata-Historik-gpkg-2026.zip","515232627","H:\Delade enheter\Milj?beslut\GEodata\lastkajen\10125\V?sterbotten-M?tdata-Historik-gpkg-2026.zip"
"V?sterbotten-M?tdata-Senaste-csv-2026.zip","19778606","H:\Delade enheter\Milj?beslut\GEodata\lastkajen\10125\V?sterbotten-M?tdata-Senaste-csv-2026.zip"
"V?sternorrland-Bel?ggning-Historik-gpkg-2026.zip","4353596","H:\Delade enheter\Milj?beslut\GEodata\lastkajen\10125\V?sternorrland-Bel?ggning-Historik-gpkg-2026.zip"
"V?sternorrland-Bel?ggning-Senaste-gpkg-2026.zip","3347293","H:\Delade enheter\Milj?beslut\GEodata\lastkajen\10125\V?sternorrland-Bel?ggning-Senaste-gpkg-2026.zip"
"V?sterbotten-M?tdata-Senaste-gpkg-2026.zip","76986963","H:\Delade enheter\Milj?beslut\GEodata\lastkajen\10125\V?sterbotten-M?tdata-Senaste-gpkg-2026.zip"
"V?sternorrland-M?tdata-Historik-csv-2026.zip","72734886","H:\Delade enheter\Milj?beslut\GEodata\lastkajen\10125\V?sternorrland-M?tdata-Historik-csv-2026.zip"
"V?sternorrland-M?tdata-Historik-gpkg-2026.zip","314265561","H:\Delade enheter\Milj?beslut\GEodata\lastkajen\10125\V?sternorrland-M?tdata-Historik-gpkg-2026.zip"
"V?sternorrland-M?tdata-Senaste-csv-2026.zip","11625295","H:\Delade enheter\Milj?beslut\GEodata\lastkajen\10125\V?sternorrland-M?tdata-Senaste-csv-2026.zip"
"V?stmanland-Bel?ggning-Historik-gpkg-2026.zip","5174783","H:\Delade enheter\Milj?beslut\GEodata\lastkajen\10125\V?stmanland-Bel?ggning-Historik-gpkg-2026.zip"
"V?stmanland-Avvattning-Senaste-gpkg-2026.zip","1059331","H:\Delade enheter\Milj?beslut\GEodata\lastkajen\10125\V?stmanland-Avvattning-Senaste-gpkg-2026.zip"
"V?sternorrland-M?tdata-Senaste-gpkg-2026.zip","46715805","H:\Delade enheter\Milj?beslut\GEodata\lastkajen\10125\V?sternorrland-M?tdata-Senaste-gpkg-2026.zip"
"V?stmanland-Bel?ggning-Senaste-gpkg-2026.zip","2844294","H:\Delade enheter\Milj?beslut\GEodata\lastkajen\10125\V?stmanland-Bel?ggning-Senaste-gpkg-2026.zip"
"V?stmanland-M?tdata-Historik-csv-2026.zip","46505578","H:\Delade enheter\Milj?beslut\GEodata\lastkajen\10125\V?stmanland-M?tdata-Historik-csv-2026.zip"
"V?stmanland-M?tdata-Senaste-csv-2026.zip","6602405","H:\Delade enheter\Milj?beslut\GEodata\lastkajen\10125\V?stmanland-M?tdata-Senaste-csv-2026.zip"
"V?stmanland-M?tdata-Historik-gpkg-2026.zip","217593509","H:\Delade enheter\Milj?beslut\GEodata\lastkajen\10125\V?stmanland-M?tdata-Historik-gpkg-2026.zip"
"V?stmanland-M?tdata-Senaste-gpkg-2026.zip","28738850","H:\Delade enheter\Milj?beslut\GEodata\lastkajen\10125\V?stmanland-M?tdata-Senaste-gpkg-2026.zip"
"V?stra G?taland-Bel?ggning-Historik-gpkg-2026.zip","8729808","H:\Delade enheter\Milj?beslut\GEodata\lastkajen\10125\V?stra G?taland-Bel?ggning-Historik-gpkg-2026.zip"
"V?stra G?taland-Avvattning-Senaste-gpkg-2026.zip","3593848","H:\Delade enheter\Milj?beslut\GEodata\lastkajen\10125\V?stra G?taland-Avvattning-Senaste-gpkg-2026.zip"
"V?stra G?taland-Bel?ggning-Senaste-gpkg-2026.zip","11829707","H:\Delade enheter\Milj?beslut\GEodata\lastkajen\10125\V?stra G?taland-Bel?ggning-Senaste-gpkg-2026.zip"
"V?stra G?taland-M?tdata-Historik-csv-2026.zip","236900078","H:\Delade enheter\Milj?beslut\GEodata\lastkajen\10125\V?stra G?taland-M?tdata-Historik-csv-2026.zip"
"V?stra G?taland-M?tdata-Historik-gpkg-2026.zip","1031874271","H:\Delade enheter\Milj?beslut\GEodata\lastkajen\10125\V?stra G?taland-M?tdata-Historik-gpkg-2026.zip"
"V?stra G?taland-M?tdata-Senaste-csv-2026.zip","38612823","H:\Delade enheter\Milj?beslut\GEodata\lastkajen\10125\V?stra G?taland-M?tdata-Senaste-csv-2026.zip"
"?rebro-Bel?ggning-Historik-gpkg-2026.zip","4551464","H:\Delade enheter\Milj?beslut\GEodata\lastkajen\10125\?rebro-Bel?ggning-Historik-gpkg-2026.zip"
"V?stra G?taland-M?tdata-Senaste-gpkg-2026.zip","157440397","H:\Delade enheter\Milj?beslut\GEodata\lastkajen\10125\V?stra G?taland-M?tdata-Senaste-gpkg-2026.zip"
"?rebro-Bel?ggning-Senaste-gpkg-2026.zip","2899269","H:\Delade enheter\Milj?beslut\GEodata\lastkajen\10125\?rebro-Bel?ggning-Senaste-gpkg-2026.zip"
"?rebro-M?tdata-Historik-csv-2026.zip","53562189","H:\Delade enheter\Milj?beslut\GEodata\lastkajen\10125\?rebro-M?tdata-Historik-csv-2026.zip"
"?rebro-M?tdata-Historik-gpkg-2026.zip","241099574","H:\Delade enheter\Milj?beslut\GEodata\lastkajen\10125\?rebro-M?tdata-Historik-gpkg-2026.zip"
"?rebro-M?tdata-Senaste-csv-2026.zip","8610517","H:\Delade enheter\Milj?beslut\GEodata\lastkajen\10125\?rebro-M?tdata-Senaste-csv-2026.zip"
"?sterg?tland-Avvattning-Senaste-gpkg-2026.zip","2203049","H:\Delade enheter\Milj?beslut\GEodata\lastkajen\10125\?sterg?tland-Avvattning-Senaste-gpkg-2026.zip"
"?rebro-M?tdata-Senaste-gpkg-2026.zip","35453720","H:\Delade enheter\Milj?beslut\GEodata\lastkajen\10125\?rebro-M?tdata-Senaste-gpkg-2026.zip"
"?sterg?tland-Bel?ggning-Senaste-gpkg-2026.zip","4708950","H:\Delade enheter\Milj?beslut\GEodata\lastkajen\10125\?sterg?tland-Bel?ggning-Senaste-gpkg-2026.zip"
"?sterg?tland-Bel?ggning-Historik-gpkg-2026.zip","9088864","H:\Delade enheter\Milj?beslut\GEodata\lastkajen\10125\?sterg?tland-Bel?ggning-Historik-gpkg-2026.zip"
"?sterg?tland-M?tdata-Historik-csv-2026.zip","88148117","H:\Delade enheter\Milj?beslut\GEodata\lastkajen\10125\?sterg?tland-M?tdata-Historik-csv-2026.zip"
"?sterg?tland-M?tdata-Historik-gpkg-2026.zip","392818296","H:\Delade enheter\Milj?beslut\GEodata\lastkajen\10125\?sterg?tland-M?tdata-Historik-gpkg-2026.zip"
"?sterg?tland-M?tdata-Senaste-csv-2026.zip","13547398","H:\Delade enheter\Milj?beslut\GEodata\lastkajen\10125\?sterg?tland-M?tdata-Senaste-csv-2026.zip"
"?sterg?tland-M?tdata-Senaste-gpkg-2026.zip","57004632","H:\Delade enheter\Milj?beslut\GEodata\lastkajen\10125\?sterg?tland-M?tdata-Senaste-gpkg-2026.zip"
"ATK_matplats_GeoPackage_kvitto.xml","384","H:\Delade enheter\Milj?beslut\GEodata\lastkajen\10139\ATK_matplats_GeoPackage_kvitto.xml"
"ATK_matplats_GeoJSON.zip","130191","H:\Delade enheter\Milj?beslut\GEodata\lastkajen\10139\ATK_matplats_GeoJSON.zip"
"ATK_matplats_GPX.zip","43823","H:\Delade enheter\Milj?beslut\GEodata\lastkajen\10139\ATK_matplats_GPX.zip"
"ATK_matplats_CSV.zip","78637","H:\Delade enheter\Milj?beslut\GEodata\lastkajen\10139\ATK_matplats_CSV.zip"
"ATK_matplats_KML_kvitto.xml","384","H:\Delade enheter\Milj?beslut\GEodata\lastkajen\10139\ATK_matplats_KML_kvitto.xml"
"ATK_matplats_GeoJSON_kvitto.xml","384","H:\Delade enheter\Milj?beslut\GEodata\lastkajen\10139\ATK_matplats_GeoJSON_kvitto.xml"
"ATK_matplats_CSV_kvitto.xml","384","H:\Delade enheter\Milj?beslut\GEodata\lastkajen\10139\ATK_matplats_CSV_kvitto.xml"
"ATK_matplats_KML.zip","260202","H:\Delade enheter\Milj?beslut\GEodata\lastkajen\10139\ATK_matplats_KML.zip"
"ATK_matplats_GeoPackage.zip","209067","H:\Delade enheter\Milj?beslut\GEodata\lastkajen\10139\ATK_matplats_GeoPackage.zip"
"ATK_matplats_GPX_kvitto.xml","384","H:\Delade enheter\Milj?beslut\GEodata\lastkajen\10139\ATK_matplats_GPX_kvitto.xml"
"Vagar_dar_lansvisa_tillstand_inte_galler_for_virkesupplag_2025_kvitto.xml","527","H:\Delade enheter\Milj?beslut\GEodata\lastkajen\10497\Vagar_dar_lansvisa_tillstand_inte_galler_for_virkesupplag_2025_kvitto.xml"
"Vagar_dar_lansvisa_tillstand_inte_galler_for_virkesupplag_2026_kvitto.xml","527","H:\Delade enheter\Milj?beslut\GEodata\lastkajen\10497\Vagar_dar_lansvisa_tillstand_inte_galler_for_virkesupplag_2026_kvitto.xml"
"Vagar_dar_lansvisa_tillstand_inte_galler_for_virkesupplag_2025.zip","21140870","H:\Delade enheter\Milj?beslut\GEodata\lastkajen\10497\Vagar_dar_lansvisa_tillstand_inte_galler_for_virkesupplag_2025.zip"
"Vagar_dar_lansvisa_tillstand_inte_galler_for_virkesupplag_2026.zip","31710721","H:\Delade enheter\Milj?beslut\GEodata\lastkajen\10497\Vagar_dar_lansvisa_tillstand_inte_galler_for_virkesupplag_2026.zip"
"Trafikplats_vag_CSV_kvitto.xml","384","H:\Delade enheter\Milj?beslut\GEodata\lastkajen\10092\Trafikplats_vag_CSV_kvitto.xml"
"Trafikplats_vag_GeoPackage_kvitto.xml","384","H:\Delade enheter\Milj?beslut\GEodata\lastkajen\10092\Trafikplats_vag_GeoPackage_kvitto.xml"
"Trafikplats_vag_GeoJSON.zip","43548","H:\Delade enheter\Milj?beslut\GEodata\lastkajen\10092\Trafikplats_vag_GeoJSON.zip"
"Trafikplats_vag_GeoPackage.zip","78125","H:\Delade enheter\Milj?beslut\GEodata\lastkajen\10092\Trafikplats_vag_GeoPackage.zip"
"Trafikplats_vag_GeoJSON_kvitto.xml","384","H:\Delade enheter\Milj?beslut\GEodata\lastkajen\10092\Trafikplats_vag_GeoJSON_kvitto.xml"
"Trafikplats_vag_CSV.zip","24559","H:\Delade enheter\Milj?beslut\GEodata\lastkajen\10092\Trafikplats_vag_CSV.zip"
"Trafikplats_vag_GPX_kvitto.xml","384","H:\Delade enheter\Milj?beslut\GEodata\lastkajen\10092\Trafikplats_vag_GPX_kvitto.xml"
"Trafikplats_vag_KML.zip","82640","H:\Delade enheter\Milj?beslut\GEodata\lastkajen\10092\Trafikplats_vag_KML.zip"
"Trafikplats_vag_GPX.zip","19322","H:\Delade enheter\Milj?beslut\GEodata\lastkajen\10092\Trafikplats_vag_GPX.zip"
"Trafikplats_vag_KML_kvitto.xml","384","H:\Delade enheter\Milj?beslut\GEodata\lastkajen\10092\Trafikplats_vag_KML_kvitto.xml"
"Dataset for rescue vehicle navigation_kvitto.xml","1232","H:\Delade enheter\Milj?beslut\GEodata\lastkajen\10498\Dataset for rescue vehicle navigation_kvitto.xml"
"Dataset for rescue vehicle navigation.xml","1232","H:\Delade enheter\Milj?beslut\GEodata\lastkajen\10498\Dataset for rescue vehicle navigation.xml"
"Dataset for rescue vehicle navigation.zip","441168694","H:\Delade enheter\Milj?beslut\GEodata\lastkajen\10498\Dataset for rescue vehicle navigation.zip"
"Rastplats_KML.zip","37659","H:\Delade enheter\Milj?beslut\GEodata\lastkajen\10140\Rastplats_KML.zip"
"Rastplats_GPX.zip","5726","H:\Delade enheter\Milj?beslut\GEodata\lastkajen\10140\Rastplats_GPX.zip"
"Rastplats_KML_kvitto.xml","383","H:\Delade enheter\Milj?beslut\GEodata\lastkajen\10140\Rastplats_KML_kvitto.xml"
"Rastplats_GeoPackage.zip","29549","H:\Delade enheter\Milj?beslut\GEodata\lastkajen\10140\Rastplats_GeoPackage.zip"
"Rastplats_GeoJSON.zip","16995","H:\Delade enheter\Milj?beslut\GEodata\lastkajen\10140\Rastplats_GeoJSON.zip"
"Rastplats_CSV_kvitto.xml","383","H:\Delade enheter\Milj?beslut\GEodata\lastkajen\10140\Rastplats_CSV_kvitto.xml"
"Rastplats_GeoPackage_kvitto.xml","383","H:\Delade enheter\Milj?beslut\GEodata\lastkajen\10140\Rastplats_GeoPackage_kvitto.xml"
"Rastplats_GeoJSON_kvitto.xml","383","H:\Delade enheter\Milj?beslut\GEodata\lastkajen\10140\Rastplats_GeoJSON_kvitto.xml"
"Rastplats_GPX_kvitto.xml","383","H:\Delade enheter\Milj?beslut\GEodata\lastkajen\10140\Rastplats_GPX_kvitto.xml"
"Rastplats_CSV.zip","13028","H:\Delade enheter\Milj?beslut\GEodata\lastkajen\10140\Rastplats_CSV.zip"
"ISA_GPKG_20260511_kvitto.xml","631","H:\Delade enheter\Milj?beslut\GEodata\lastkajen\5052\ISA_GPKG_20260511_kvitto.xml"
"ISA_GPKG_20260518_kvitto.xml","631","H:\Delade enheter\Milj?beslut\GEodata\lastkajen\5052\ISA_GPKG_20260518_kvitto.xml"
"ISA_GPKG_20260511.zip","498649914","H:\Delade enheter\Milj?beslut\GEodata\lastkajen\5052\ISA_GPKG_20260511.zip"
"ISA_GPKG_20260518.zip","498614272","H:\Delade enheter\Milj?beslut\GEodata\lastkajen\5052\ISA_GPKG_20260518.zip"
"Tillg?nglighetsv?gn?t_100101_kvitto.xml","587","H:\Delade enheter\Milj?beslut\GEodata\lastkajen\10142\Tillg?nglighetsv?gn?t_100101_kvitto.xml"
"Tillg?nglighetsv?gn?t_110101_kvitto.xml","587","H:\Delade enheter\Milj?beslut\GEodata\lastkajen\10142\Tillg?nglighetsv?gn?t_110101_kvitto.xml"
"Tillg?nglighetsv?gn?t_080101_kvitto.xml","587","H:\Delade enheter\Milj?beslut\GEodata\lastkajen\10142\Tillg?nglighetsv?gn?t_080101_kvitto.xml"
"Tillg?nglighetsv?gn?t_120101_kvitto.xml","587","H:\Delade enheter\Milj?beslut\GEodata\lastkajen\10142\Tillg?nglighetsv?gn?t_120101_kvitto.xml"
"Tillg?nglighetsv?gn?t_090101_kvitto.xml","587","H:\Delade enheter\Milj?beslut\GEodata\lastkajen\10142\Tillg?nglighetsv?gn?t_090101_kvitto.xml"
"Tillg?nglighetsv?gn?t_140101_kvitto.xml","589","H:\Delade enheter\Milj?beslut\GEodata\lastkajen\10142\Tillg?nglighetsv?gn?t_140101_kvitto.xml"
"Tillg?nglighetsv?gn?t_130101_kvitto.xml","587","H:\Delade enheter\Milj?beslut\GEodata\lastkajen\10142\Tillg?nglighetsv?gn?t_130101_kvitto.xml"
"Tillg?nglighetsv?gn?t_190101_kvitto.xml","587","H:\Delade enheter\Milj?beslut\GEodata\lastkajen\10142\Tillg?nglighetsv?gn?t_190101_kvitto.xml"
"Tillg?nglighetsv?gn?t_160101_kvitto.xml","587","H:\Delade enheter\Milj?beslut\GEodata\lastkajen\10142\Tillg?nglighetsv?gn?t_160101_kvitto.xml"
"Tillg?nglighetsv?gn?t_260101_kvitto.xml","649","H:\Delade enheter\Milj?beslut\GEodata\lastkajen\10142\Tillg?nglighetsv?gn?t_260101_kvitto.xml"
"Tillg?nglighetsv?gn?t_220101_kvitto.xml","589","H:\Delade enheter\Milj?beslut\GEodata\lastkajen\10142\Tillg?nglighetsv?gn?t_220101_kvitto.xml"
"Tillg?nglighetsv?gn?t_180101_kvitto.xml","587","H:\Delade enheter\Milj?beslut\GEodata\lastkajen\10142\Tillg?nglighetsv?gn?t_180101_kvitto.xml"
"Tillg?nglighetsv?gn?t_230101_kvitto.xml","649","H:\Delade enheter\Milj?beslut\GEodata\lastkajen\10142\Tillg?nglighetsv?gn?t_230101_kvitto.xml"
"Tillg?nglighetsv?gn?t_150101_kvitto.xml","587","H:\Delade enheter\Milj?beslut\GEodata\lastkajen\10142\Tillg?nglighetsv?gn?t_150101_kvitto.xml"
"Tillg?nglighetsv?gn?t_250101_kvitto.xml","649","H:\Delade enheter\Milj?beslut\GEodata\lastkajen\10142\Tillg?nglighetsv?gn?t_250101_kvitto.xml"
"Tillg?nglighetsv?gn?t_210101_kvitto.xml","587","H:\Delade enheter\Milj?beslut\GEodata\lastkajen\10142\Tillg?nglighetsv?gn?t_210101_kvitto.xml"
"Tillg?nglighetsv?gn?t_170101_kvitto.xml","587","H:\Delade enheter\Milj?beslut\GEodata\lastkajen\10142\Tillg?nglighetsv?gn?t_170101_kvitto.xml"
"Tillg?nglighetsv?gn?t_200101_kvitto.xml","589","H:\Delade enheter\Milj?beslut\GEodata\lastkajen\10142\Tillg?nglighetsv?gn?t_200101_kvitto.xml"
"Tillganglighetsvagnat_090101.zip","759009801","H:\Delade enheter\Milj?beslut\GEodata\lastkajen\10142\Tillganglighetsvagnat_090101.zip"
"Tillganglighetsvagnat_100101.zip","742749136","H:\Delade enheter\Milj?beslut\GEodata\lastkajen\10142\Tillganglighetsvagnat_100101.zip"
"Tillganglighetsvagnat_110101.zip","745918875","H:\Delade enheter\Milj?beslut\GEodata\lastkajen\10142\Tillganglighetsvagnat_110101.zip"
"Tillganglighetsvagnat_120101.zip","751493632","H:\Delade enheter\Milj?beslut\GEodata\lastkajen\10142\Tillganglighetsvagnat_120101.zip"
"Tillganglighetsvagnat_130101.zip","755718752","H:\Delade enheter\Milj?beslut\GEodata\lastkajen\10142\Tillganglighetsvagnat_130101.zip"
"Tillganglighetsvagnat_150101.zip","772148602","H:\Delade enheter\Milj?beslut\GEodata\lastkajen\10142\Tillganglighetsvagnat_150101.zip"
"Tillganglighetsvagnat_160101.zip","783693993","H:\Delade enheter\Milj?beslut\GEodata\lastkajen\10142\Tillganglighetsvagnat_160101.zip"
"Tillganglighetsvagnat_170101.zip","788769555","H:\Delade enheter\Milj?beslut\GEodata\lastkajen\10142\Tillganglighetsvagnat_170101.zip"
"Tillganglighetsvagnat_180101.zip","805270921","H:\Delade enheter\Milj?beslut\GEodata\lastkajen\10142\Tillganglighetsvagnat_180101.zip"
"Tillganglighetsvagnat_190101.zip","813524557","H:\Delade enheter\Milj?beslut\GEodata\lastkajen\10142\Tillganglighetsvagnat_190101.zip"
"Tillg?nglighetsv?gn?t_080101.zip","755596044","H:\Delade enheter\Milj?beslut\GEodata\lastkajen\10142\Tillg?nglighetsv?gn?t_080101.zip"
"Tillg?nglighetsv?gn?t_140101.zip","785475926","H:\Delade enheter\Milj?beslut\GEodata\lastkajen\10142\Tillg?nglighetsv?gn?t_140101.zip"
"Tillg?nglighetsv?gn?t_200101.zip","847201719","H:\Delade enheter\Milj?beslut\GEodata\lastkajen\10142\Tillg?nglighetsv?gn?t_200101.zip"
"Tillg?nglighetsv?gn?t_210101.zip","833904383","H:\Delade enheter\Milj?beslut\GEodata\lastkajen\10142\Tillg?nglighetsv?gn?t_210101.zip"
"Tillg?nglighetsv?gn?t_220101.zip","856143957","H:\Delade enheter\Milj?beslut\GEodata\lastkajen\10142\Tillg?nglighetsv?gn?t_220101.zip"
"Tillg?nglighetsv?gn?t_230101.zip","858018730","H:\Delade enheter\Milj?beslut\GEodata\lastkajen\10142\Tillg?nglighetsv?gn?t_230101.zip"
"Tillg?nglighetsv?gn?t_240101.zip","964062288","H:\Delade enheter\Milj?beslut\GEodata\lastkajen\10142\Tillg?nglighetsv?gn?t_240101.zip"
"Tillg?nglighetsv?gn?t_250101.zip","861291282","H:\Delade enheter\Milj?beslut\GEodata\lastkajen\10142\Tillg?nglighetsv?gn?t_250101.zip"
"Tillg?nglighetsv?gn?t_260101.zip","863814899","H:\Delade enheter\Milj?beslut\GEodata\lastkajen\10142\Tillg?nglighetsv?gn?t_260101.zip"
"SverigePaket Drift och Underh?ll_GeoPackage_kvitto.xml","1280","H:\Delade enheter\Milj?beslut\GEodata\lastkajen\10085\SverigePaket Drift och Underh?ll_GeoPackage_kvitto.xml"
"SverigePaket Drift och Underh?ll_FileGeodb_kvitto.xml","1291","H:\Delade enheter\Milj?beslut\GEodata\lastkajen\10085\SverigePaket Drift och Underh?ll_FileGeodb_kvitto.xml"
"SverigePaket Drift och Underh?ll_FileGeodb.zip","688722531","H:\Delade enheter\Milj?beslut\GEodata\lastkajen\10085\SverigePaket Drift och Underh?ll_FileGeodb.zip"
"SverigePaket Drift och Underh?ll_GeoPackage.zip","733427044","H:\Delade enheter\Milj?beslut\GEodata\lastkajen\10085\SverigePaket Drift och Underh?ll_GeoPackage.zip"
"Trafiknatsdata-f-Blaljus_vagdata_Sydostra_regionen_kvitto.xml","992","H:\Delade enheter\Milj?beslut\GEodata\lastkajen\10169\Trafiknatsdata-f-Blaljus_vagdata_Sydostra_regionen_kvitto.xml"
"Trafiknatsdata-f-Blaljus_vagdata_Sodra_regionen_kvitto.xml","980","H:\Delade enheter\Milj?beslut\GEodata\lastkajen\10169\Trafiknatsdata-f-Blaljus_vagdata_Sodra_regionen_kvitto.xml"
"Trafiknatsdata-f-Blaljus_vagdata_Norra_regionen_kvitto.xml","1013","H:\Delade enheter\Milj?beslut\GEodata\lastkajen\10169\Trafiknatsdata-f-Blaljus_vagdata_Norra_regionen_kvitto.xml"
"Trafiknatsdata-f-Blaljus_vagdata_Mellersta_regionen_kvitto.xml","1054","H:\Delade enheter\Milj?beslut\GEodata\lastkajen\10169\Trafiknatsdata-f-Blaljus_vagdata_Mellersta_regionen_kvitto.xml"
"Trafiknatsdata-f-Blaljus_vagdata_Ostra_regionen_kvitto.xml","968","H:\Delade enheter\Milj?beslut\GEodata\lastkajen\10169\Trafiknatsdata-f-Blaljus_vagdata_Ostra_regionen_kvitto.xml"
"Trafiknatsdata-f-Blaljus_jarnvagsdata_Alla_Regioner_kvitto.xml","523","H:\Delade enheter\Milj?beslut\GEodata\lastkajen\10169\Trafiknatsdata-f-Blaljus_jarnvagsdata_Alla_Regioner_kvitto.xml"
"Trafiknatsdata-f-Blaljus_vagdata_Vastra_regionen_kvitto.xml","977","H:\Delade enheter\Milj?beslut\GEodata\lastkajen\10169\Trafiknatsdata-f-Blaljus_vagdata_Vastra_regionen_kvitto.xml"
"Trafiknatsdata-f-Blaljus_jarnvagsdata_Alla_Regioner.zip","15331228","H:\Delade enheter\Milj?beslut\GEodata\lastkajen\10169\Trafiknatsdata-f-Blaljus_jarnvagsdata_Alla_Regioner.zip"
"Trafiknatsdata-f-Blaljus_vagdata_Mellersta_regionen.zip","952547284","H:\Delade enheter\Milj?beslut\GEodata\lastkajen\10169\Trafiknatsdata-f-Blaljus_vagdata_Mellersta_regionen.zip"
"Trafiknatsdata-f-Blaljus_vagdata_Norra_regionen.zip","779029846","H:\Delade enheter\Milj?beslut\GEodata\lastkajen\10169\Trafiknatsdata-f-Blaljus_vagdata_Norra_regionen.zip"
"Trafiknatsdata-f-Blaljus_vagdata_Ostra_regionen.zip","348999493","H:\Delade enheter\Milj?beslut\GEodata\lastkajen\10169\Trafiknatsdata-f-Blaljus_vagdata_Ostra_regionen.zip"
"Trafiknatsdata-f-Blaljus_vagdata_Sodra_regionen.zip","472507412","H:\Delade enheter\Milj?beslut\GEodata\lastkajen\10169\Trafiknatsdata-f-Blaljus_vagdata_Sodra_regionen.zip"
"Trafiknatsdata-f-Blaljus_vagdata_Sydostra_regionen.zip","533427456","H:\Delade enheter\Milj?beslut\GEodata\lastkajen\10169\Trafiknatsdata-f-Blaljus_vagdata_Sydostra_regionen.zip"
"Trafiknatsdata-f-Blaljus_vagdata_Vastra_regionen.zip","623473006","H:\Delade enheter\Milj?beslut\GEodata\lastkajen\10169\Trafiknatsdata-f-Blaljus_vagdata_Vastra_regionen.zip"
"Barri?rkartor_st?rre_d?ggdjur_2021_kvitto.xml","1233","H:\Delade enheter\Milj?beslut\GEodata\lastkajen\10499\Barri?rkartor_st?rre_d?ggdjur_2021_kvitto.xml"
"Barri?rkartor_st?rre_d?ggdjur_2021.zip","101571821","H:\Delade enheter\Milj?beslut\GEodata\lastkajen\10499\Barri?rkartor_st?rre_d?ggdjur_2021.zip"
"G?vleborgs l?n_kvitto.xml","880","H:\Delade enheter\Milj?beslut\GEodata\lastkajen\10472\G?vleborgs l?n_kvitto.xml"
"Hallands l?n_kvitto.xml","880","H:\Delade enheter\Milj?beslut\GEodata\lastkajen\10472\Hallands l?n_kvitto.xml"
"Kronobergs l?n_kvitto.xml","880","H:\Delade enheter\Milj?beslut\GEodata\lastkajen\10472\Kronobergs l?n_kvitto.xml"
"J?mtlands l?n_kvitto.xml","880","H:\Delade enheter\Milj?beslut\GEodata\lastkajen\10472\J?mtlands l?n_kvitto.xml"
"Gotlands l?n.zip","148543","H:\Delade enheter\Milj?beslut\GEodata\lastkajen\10472\Gotlands l?n.zip"
"J?nk?pings l?n_kvitto.xml","880","H:\Delade enheter\Milj?beslut\GEodata\lastkajen\10472\J?nk?pings l?n_kvitto.xml"
"Norrbottens l?n_kvitto.xml","880","H:\Delade enheter\Milj?beslut\GEodata\lastkajen\10472\Norrbottens l?n_kvitto.xml"
"Kalmar l?n_kvitto.xml","880","H:\Delade enheter\Milj?beslut\GEodata\lastkajen\10472\Kalmar l?n_kvitto.xml"
"Gotlands l?n_kvitto.xml","880","H:\Delade enheter\Milj?beslut\GEodata\lastkajen\10472\Gotlands l?n_kvitto.xml"
"Blekinge l?n_kvitto.xml","880","H:\Delade enheter\Milj?beslut\GEodata\lastkajen\10472\Blekinge l?n_kvitto.xml"
"Hallands l?n.zip","588844","H:\Delade enheter\Milj?beslut\GEodata\lastkajen\10472\Hallands l?n.zip"
"Blekinge l?n.zip","282422","H:\Delade enheter\Milj?beslut\GEodata\lastkajen\10472\Blekinge l?n.zip"
"Dalarnas l?n_kvitto.xml","880","H:\Delade enheter\Milj?beslut\GEodata\lastkajen\10472\Dalarnas l?n_kvitto.xml"
"Uppsala l?n_kvitto.xml","880","H:\Delade enheter\Milj?beslut\GEodata\lastkajen\10472\Uppsala l?n_kvitto.xml"
"V?rmlands l?n_kvitto.xml","880","H:\Delade enheter\Milj?beslut\GEodata\lastkajen\10472\V?rmlands l?n_kvitto.xml"
"S?dermanlands l?n_kvitto.xml","880","H:\Delade enheter\Milj?beslut\GEodata\lastkajen\10472\S?dermanlands l?n_kvitto.xml"
"V?stmanlands l?n_kvitto.xml","880","H:\Delade enheter\Milj?beslut\GEodata\lastkajen\10472\V?stmanlands l?n_kvitto.xml"
"Stockholms l?n_kvitto.xml","880","H:\Delade enheter\Milj?beslut\GEodata\lastkajen\10472\Stockholms l?n_kvitto.xml"
"V?sterbottens l?n_kvitto.xml","880","H:\Delade enheter\Milj?beslut\GEodata\lastkajen\10472\V?sterbottens l?n_kvitto.xml"
"?rebro l?n_kvitto.xml","880","H:\Delade enheter\Milj?beslut\GEodata\lastkajen\10472\?rebro l?n_kvitto.xml"
"Sk?ne l?n.zip","957494","H:\Delade enheter\Milj?beslut\GEodata\lastkajen\10472\Sk?ne l?n.zip"
"G?vleborgs l?n.zip","830561","H:\Delade enheter\Milj?beslut\GEodata\lastkajen\10472\G?vleborgs l?n.zip"
"Sk?ne l?n_kvitto.xml","880","H:\Delade enheter\Milj?beslut\GEodata\lastkajen\10472\Sk?ne l?n_kvitto.xml"
"Kalmar l?n.zip","731230","H:\Delade enheter\Milj?beslut\GEodata\lastkajen\10472\Kalmar l?n.zip"
"Kronobergs l?n.zip","700265","H:\Delade enheter\Milj?beslut\GEodata\lastkajen\10472\Kronobergs l?n.zip"
"V?stra G?talands l?n_kvitto.xml","880","H:\Delade enheter\Milj?beslut\GEodata\lastkajen\10472\V?stra G?talands l?n_kvitto.xml"
"V?sternorrlands l?n_kvitto.xml","880","H:\Delade enheter\Milj?beslut\GEodata\lastkajen\10472\V?sternorrlands l?n_kvitto.xml"
"?sterg?tlands l?n_kvitto.xml","880","H:\Delade enheter\Milj?beslut\GEodata\lastkajen\10472\?sterg?tlands l?n_kvitto.xml"
"Stockholms l?n.zip","654518","H:\Delade enheter\Milj?beslut\GEodata\lastkajen\10472\Stockholms l?n.zip"
"S?dermanlands l?n.zip","685606","H:\Delade enheter\Milj?beslut\GEodata\lastkajen\10472\S?dermanlands l?n.zip"
"?sterg?tlands l?n.zip","984328","H:\Delade enheter\Milj?beslut\GEodata\lastkajen\10472\?sterg?tlands l?n.zip"
"V?stmanlands l?n.zip","496819","H:\Delade enheter\Milj?beslut\GEodata\lastkajen\10472\V?stmanlands l?n.zip"
"?rebro l?n.zip","704288","H:\Delade enheter\Milj?beslut\GEodata\lastkajen\10472\?rebro l?n.zip"
"Uppsala l?n.zip","883783","H:\Delade enheter\Milj?beslut\GEodata\lastkajen\10472\Uppsala l?n.zip"
"J?mtlands l?n.zip","1834135","H:\Delade enheter\Milj?beslut\GEodata\lastkajen\10472\J?mtlands l?n.zip"
"Dalarnas l?n.zip","1456503","H:\Delade enheter\Milj?beslut\GEodata\lastkajen\10472\Dalarnas l?n.zip"
"V?rmlands l?n.zip","1554722","H:\Delade enheter\Milj?beslut\GEodata\lastkajen\10472\V?rmlands l?n.zip"
"J?nk?pings l?n.zip","1076775","H:\Delade enheter\Milj?beslut\GEodata\lastkajen\10472\J?nk?pings l?n.zip"
"Norrbottens l?n.zip","1942089","H:\Delade enheter\Milj?beslut\GEodata\lastkajen\10472\Norrbottens l?n.zip"
"V?stra G?talands l?n.zip","2766144","H:\Delade enheter\Milj?beslut\GEodata\lastkajen\10472\V?stra G?talands l?n.zip"
"V?sterbottens l?n.zip","2394953","H:\Delade enheter\Milj?beslut\GEodata\lastkajen\10472\V?sterbottens l?n.zip"
"V?sternorrlands l?n.zip","1652664","H:\Delade enheter\Milj?beslut\GEodata\lastkajen\10472\V?sternorrlands l?n.zip"
"V?gdata f?r transportplanering FGDB_kvitto.xml","1808","H:\Delade enheter\Milj?beslut\GEodata\lastkajen\10084\V?gdata f?r transportplanering FGDB_kvitto.xml"
"V?gdata f?r transportplanering Geopackage_kvitto.xml","1752","H:\Delade enheter\Milj?beslut\GEodata\lastkajen\10084\V?gdata f?r transportplanering Geopackage_kvitto.xml"
"V?gdata f?r transportplanering FGDB.zip","701155091","H:\Delade enheter\Milj?beslut\GEodata\lastkajen\10084\V?gdata f?r transportplanering FGDB.zip"
"V?gdata f?r transportplanering Geopackage.zip","682038980","H:\Delade enheter\Milj?beslut\GEodata\lastkajen\10084\V?gdata f?r transportplanering Geopackage.zip"
"TN_RAILWAY_STATIONNODE_gpkg.zip","72560","H:\Delade enheter\Milj?beslut\GEodata\lastkajen\10095\TN_RAILWAY_STATIONNODE_gpkg.zip"
"TN_RAILWAY_YARDNODE_gpkg.zip","32093","H:\Delade enheter\Milj?beslut\GEodata\lastkajen\10095\TN_RAILWAY_YARDNODE_gpkg.zip"
"TN_RAILWAY_ACCESSRESTRICTION_gpkg.zip","6386363","H:\Delade enheter\Milj?beslut\GEodata\lastkajen\10095\TN_RAILWAY_ACCESSRESTRICTION_gpkg.zip"
"TN_RAILWAY_DESIGNSPEED_gpkg.zip","7845456","H:\Delade enheter\Milj?beslut\GEodata\lastkajen\10095\TN_RAILWAY_DESIGNSPEED_gpkg.zip"
"TN_RAILWAY_ELECTRIFICATION_gpkg.zip","6348350","H:\Delade enheter\Milj?beslut\GEodata\lastkajen\10095\TN_RAILWAY_ELECTRIFICATION_gpkg.zip"
"TN_RAILWAY_LINKSEQUENCE_gpkg.zip","5555674","H:\Delade enheter\Milj?beslut\GEodata\lastkajen\10095\TN_RAILWAY_LINKSEQUENCE_gpkg.zip"
"TN_RAILWAY_LINE_gpkg.zip","3775937","H:\Delade enheter\Milj?beslut\GEodata\lastkajen\10095\TN_RAILWAY_LINE_gpkg.zip"
"TN_RAILWAY_MAINTENANCEAUTHORITY_gpkg.zip","6381718","H:\Delade enheter\Milj?beslut\GEodata\lastkajen\10095\TN_RAILWAY_MAINTENANCEAUTHORITY_gpkg.zip"
"TN_RAILWAY_LINK_gpkg.zip","5466148","H:\Delade enheter\Milj?beslut\GEodata\lastkajen\10095\TN_RAILWAY_LINK_gpkg.zip"
"TN_RAILWAY_MARKERPOST_gpkg.zip","1441135","H:\Delade enheter\Milj?beslut\GEodata\lastkajen\10095\TN_RAILWAY_MARKERPOST_gpkg.zip"
"TN_RAILWAY_NODE_gpkg.zip","2214404","H:\Delade enheter\Milj?beslut\GEodata\lastkajen\10095\TN_RAILWAY_NODE_gpkg.zip"
"TN_RAILWAY_OWNERAUTHORITY_gpkg.zip","6384564","H:\Delade enheter\Milj?beslut\GEodata\lastkajen\10095\TN_RAILWAY_OWNERAUTHORITY_gpkg.zip"
"TN_RAILWAY_NOMINALTRACKGAUGE_gpkg.zip","6331450","H:\Delade enheter\Milj?beslut\GEodata\lastkajen\10095\TN_RAILWAY_NOMINALTRACKGAUGE_gpkg.zip"
"TN_RAILWAY_NUMBEROFTRACKS_gpkg.zip","6294629","H:\Delade enheter\Milj?beslut\GEodata\lastkajen\10095\TN_RAILWAY_NUMBEROFTRACKS_gpkg.zip"
"TN_RAILWAY_TYPE_gpkg.zip","6294626","H:\Delade enheter\Milj?beslut\GEodata\lastkajen\10095\TN_RAILWAY_TYPE_gpkg.zip"
"TN_RAILWAY_TRAFFICFLOWDIRECTION_gpkg.zip","6343250","H:\Delade enheter\Milj?beslut\GEodata\lastkajen\10095\TN_RAILWAY_TRAFFICFLOWDIRECTION_gpkg.zip"
"TN_RAILWAY_VERTICALPOSITION_gpkg.zip","8023290","H:\Delade enheter\Milj?beslut\GEodata\lastkajen\10095\TN_RAILWAY_VERTICALPOSITION_gpkg.zip"
"TN_RAILWAY_USE_gpkg.zip","6295005","H:\Delade enheter\Milj?beslut\GEodata\lastkajen\10095\TN_RAILWAY_USE_gpkg.zip"
"TN_RAILWAY_YARDAREA_gpkg.zip","1824718","H:\Delade enheter\Milj?beslut\GEodata\lastkajen\10095\TN_RAILWAY_YARDAREA_gpkg.zip"
"Vilt- och renolyckor_J?rnv?g_1519_kvitto.xml","627","H:\Delade enheter\Milj?beslut\GEodata\lastkajen\10179\Vilt- och renolyckor_J?rnv?g_1519_kvitto.xml"
"Vilt- och renolyckor_J?rnv?g_1721_ArcGIS_kvitto.xml","627","H:\Delade enheter\Milj?beslut\GEodata\lastkajen\10179\Vilt- och renolyckor_J?rnv?g_1721_ArcGIS_kvitto.xml"
"Vilt- och renolyckor_J?rnv?g_1620_kvitto.xml","627","H:\Delade enheter\Milj?beslut\GEodata\lastkajen\10179\Vilt- och renolyckor_J?rnv?g_1620_kvitto.xml"
"Vilt- och renolyckor_J?rnv?g_1519.zip","1775270","H:\Delade enheter\Milj?beslut\GEodata\lastkajen\10179\Vilt- och renolyckor_J?rnv?g_1519.zip"
"Vilt- och renolyckor_J?rnv?g_1721_ArcGIS.zip","2434856","H:\Delade enheter\Milj?beslut\GEodata\lastkajen\10179\Vilt- och renolyckor_J?rnv?g_1721_ArcGIS.zip"
"Vilt- och renolyckor_J?rnv?g_1620.zip","1774789","H:\Delade enheter\Milj?beslut\GEodata\lastkajen\10179\Vilt- och renolyckor_J?rnv?g_1620.zip"
"HH_NOISE_AIR_LNIGHT_gpkg.zip","63000","H:\Delade enheter\Milj?beslut\GEodata\lastkajen\10088\HH_NOISE_AIR_LNIGHT_gpkg.zip"
"HH_NOISE_AIR_LDEN_gpkg.zip","82522","H:\Delade enheter\Milj?beslut\GEodata\lastkajen\10088\HH_NOISE_AIR_LDEN_gpkg.zip"
"HH_NOISE_RAIL_LNIGHT_gpkg.zip","23987864","H:\Delade enheter\Milj?beslut\GEodata\lastkajen\10088\HH_NOISE_RAIL_LNIGHT_gpkg.zip"
"HH_NOISE_RAIL_LDEN_gpkg.zip","25616904","H:\Delade enheter\Milj?beslut\GEodata\lastkajen\10088\HH_NOISE_RAIL_LDEN_gpkg.zip"
"HH_NOISE_ROAD_LDEN_gpkg.zip","81979005","H:\Delade enheter\Milj?beslut\GEodata\lastkajen\10088\HH_NOISE_ROAD_LDEN_gpkg.zip"
"HH_NOISE_ROAD_LNIGHT_gpkg.zip","68572989","H:\Delade enheter\Milj?beslut\GEodata\lastkajen\10088\HH_NOISE_ROAD_LNIGHT_gpkg.zip"
"H?jddata_statligt_v?gn?t_kvitto.xml","499","H:\Delade enheter\Milj?beslut\GEodata\lastkajen\10181\H?jddata_statligt_v?gn?t_kvitto.xml"
"H?jddata_statligt_v?gn?t.zip","176942611","H:\Delade enheter\Milj?beslut\GEodata\lastkajen\10181\H?jddata_statligt_v?gn?t.zip"
"Blekinge l?n.zip","359336","H:\Delade enheter\Milj?beslut\GEodata\lastkajen\10473\Blekinge l?n.zip"
"Dalarnas l?n_kvitto.xml","1170","H:\Delade enheter\Milj?beslut\GEodata\lastkajen\10473\Dalarnas l?n_kvitto.xml"
"Blekinge l?n_kvitto.xml","1170","H:\Delade enheter\Milj?beslut\GEodata\lastkajen\10473\Blekinge l?n_kvitto.xml"
"Kalmar l?n.zip","936489","H:\Delade enheter\Milj?beslut\GEodata\lastkajen\10473\Kalmar l?n.zip"
"Stockholms l?n.zip","836940","H:\Delade enheter\Milj?beslut\GEodata\lastkajen\10473\Stockholms l?n.zip"
"Kronobergs l?n.zip","897284","H:\Delade enheter\Milj?beslut\GEodata\lastkajen\10473\Kronobergs l?n.zip"
"Hallands l?n.zip","753153","H:\Delade enheter\Milj?beslut\GEodata\lastkajen\10473\Hallands l?n.zip"
"S?dermanlands l?n.zip","885074","H:\Delade enheter\Milj?beslut\GEodata\lastkajen\10473\S?dermanlands l?n.zip"
"Gotlands l?n.zip","187804","H:\Delade enheter\Milj?beslut\GEodata\lastkajen\10473\Gotlands l?n.zip"
"Gotlands l?n_kvitto.xml","1170","H:\Delade enheter\Milj?beslut\GEodata\lastkajen\10473\Gotlands l?n_kvitto.xml"
"G?vleborgs l?n_kvitto.xml","1170","H:\Delade enheter\Milj?beslut\GEodata\lastkajen\10473\G?vleborgs l?n_kvitto.xml"
"Norrbottens l?n_kvitto.xml","1170","H:\Delade enheter\Milj?beslut\GEodata\lastkajen\10473\Norrbottens l?n_kvitto.xml"
"Kronobergs l?n_kvitto.xml","1170","H:\Delade enheter\Milj?beslut\GEodata\lastkajen\10473\Kronobergs l?n_kvitto.xml"
"Kalmar l?n_kvitto.xml","1170","H:\Delade enheter\Milj?beslut\GEodata\lastkajen\10473\Kalmar l?n_kvitto.xml"
"Stockholms l?n_kvitto.xml","1170","H:\Delade enheter\Milj?beslut\GEodata\lastkajen\10473\Stockholms l?n_kvitto.xml"
"Hallands l?n_kvitto.xml","1170","H:\Delade enheter\Milj?beslut\GEodata\lastkajen\10473\Hallands l?n_kvitto.xml"
"J?mtlands l?n_kvitto.xml","1170","H:\Delade enheter\Milj?beslut\GEodata\lastkajen\10473\J?mtlands l?n_kvitto.xml"
"Sk?ne l?n_kvitto.xml","1170","H:\Delade enheter\Milj?beslut\GEodata\lastkajen\10473\Sk?ne l?n_kvitto.xml"
"J?nk?pings l?n_kvitto.xml","1170","H:\Delade enheter\Milj?beslut\GEodata\lastkajen\10473\J?nk?pings l?n_kvitto.xml"
"?rebro l?n.zip","904914","H:\Delade enheter\Milj?beslut\GEodata\lastkajen\10473\?rebro l?n.zip"
"V?stmanlands l?n.zip","636423","H:\Delade enheter\Milj?beslut\GEodata\lastkajen\10473\V?stmanlands l?n.zip"
"?sterg?tlands l?n_kvitto.xml","1170","H:\Delade enheter\Milj?beslut\GEodata\lastkajen\10473\?sterg?tlands l?n_kvitto.xml"
"Uppsala l?n_kvitto.xml","1170","H:\Delade enheter\Milj?beslut\GEodata\lastkajen\10473\Uppsala l?n_kvitto.xml"
"V?sternorrlands l?n_kvitto.xml","1170","H:\Delade enheter\Milj?beslut\GEodata\lastkajen\10473\V?sternorrlands l?n_kvitto.xml"
"V?sterbottens l?n_kvitto.xml","1170","H:\Delade enheter\Milj?beslut\GEodata\lastkajen\10473\V?sterbottens l?n_kvitto.xml"
"V?stmanlands l?n_kvitto.xml","1170","H:\Delade enheter\Milj?beslut\GEodata\lastkajen\10473\V?stmanlands l?n_kvitto.xml"
"V?rmlands l?n_kvitto.xml","1170","H:\Delade enheter\Milj?beslut\GEodata\lastkajen\10473\V?rmlands l?n_kvitto.xml"
"S?dermanlands l?n_kvitto.xml","1170","H:\Delade enheter\Milj?beslut\GEodata\lastkajen\10473\S?dermanlands l?n_kvitto.xml"
"V?stra G?talands l?n_kvitto.xml","1170","H:\Delade enheter\Milj?beslut\GEodata\lastkajen\10473\V?stra G?talands l?n_kvitto.xml"
"?rebro l?n_kvitto.xml","1170","H:\Delade enheter\Milj?beslut\GEodata\lastkajen\10473\?rebro l?n_kvitto.xml"
"Dalarnas l?n.zip","1881179","H:\Delade enheter\Milj?beslut\GEodata\lastkajen\10473\Dalarnas l?n.zip"
"J?nk?pings l?n.zip","1382829","H:\Delade enheter\Milj?beslut\GEodata\lastkajen\10473\J?nk?pings l?n.zip"
"J?mtlands l?n.zip","2367615","H:\Delade enheter\Milj?beslut\GEodata\lastkajen\10473\J?mtlands l?n.zip"
"G?vleborgs l?n.zip","1063029","H:\Delade enheter\Milj?beslut\GEodata\lastkajen\10473\G?vleborgs l?n.zip"
"Uppsala l?n.zip","1131691","H:\Delade enheter\Milj?beslut\GEodata\lastkajen\10473\Uppsala l?n.zip"
"Sk?ne l?n.zip","1229858","H:\Delade enheter\Milj?beslut\GEodata\lastkajen\10473\Sk?ne l?n.zip"
"Norrbottens l?n.zip","2496955","H:\Delade enheter\Milj?beslut\GEodata\lastkajen\10473\Norrbottens l?n.zip"
"V?sternorrlands l?n.zip","2125751","H:\Delade enheter\Milj?beslut\GEodata\lastkajen\10473\V?sternorrlands l?n.zip"
"V?sterbottens l?n.zip","3075295","H:\Delade enheter\Milj?beslut\GEodata\lastkajen\10473\V?sterbottens l?n.zip"
"V?rmlands l?n.zip","1997659","H:\Delade enheter\Milj?beslut\GEodata\lastkajen\10473\V?rmlands l?n.zip"
"?sterg?tlands l?n.zip","1261846","H:\Delade enheter\Milj?beslut\GEodata\lastkajen\10473\?sterg?tlands l?n.zip"
"V?stra G?talands l?n.zip","3547398","H:\Delade enheter\Milj?beslut\GEodata\lastkajen\10473\V?stra G?talands l?n.zip"
"TN_ROAD_ACCESSRESTRICTION_gpkg.zip","21803505","H:\Delade enheter\Milj?beslut\GEodata\lastkajen\10096\TN_ROAD_ACCESSRESTRICTION_gpkg.zip"
"TN_ROAD_EROAD_gpkg.zip","9534550","H:\Delade enheter\Milj?beslut\GEodata\lastkajen\10096\TN_ROAD_EROAD_gpkg.zip"
"TN_ROAD_FORMOFWAY_gpkg.zip","621057573","H:\Delade enheter\Milj?beslut\GEodata\lastkajen\10096\TN_ROAD_FORMOFWAY_gpkg.zip"
"TN_ROAD_FUNCTIONALROADCLASS_gpkg.zip","541439839","H:\Delade enheter\Milj?beslut\GEodata\lastkajen\10096\TN_ROAD_FUNCTIONALROADCLASS_gpkg.zip"
"TN_ROAD_LINKSEQUENCE_gpkg.zip","565809460","H:\Delade enheter\Milj?beslut\GEodata\lastkajen\10096\TN_ROAD_LINKSEQUENCE_gpkg.zip"
"TN_ROAD_LINK_gpkg.zip","662890590","H:\Delade enheter\Milj?beslut\GEodata\lastkajen\10096\TN_ROAD_LINK_gpkg.zip"
"TN_ROAD_MAINTENANCEAUTHORITY_gpkg.zip","596240552","H:\Delade enheter\Milj?beslut\GEodata\lastkajen\10096\TN_ROAD_MAINTENANCEAUTHORITY_gpkg.zip"
"TN_ROAD_NAME_gpkg.zip","207464507","H:\Delade enheter\Milj?beslut\GEodata\lastkajen\10096\TN_ROAD_NAME_gpkg.zip"
"TN_ROAD_NODE_gpkg.zip","201712946","H:\Delade enheter\Milj?beslut\GEodata\lastkajen\10096\TN_ROAD_NODE_gpkg.zip"
"TN_ROAD_NUMBEROFLANES_gpkg.zip","50574941","H:\Delade enheter\Milj?beslut\GEodata\lastkajen\10096\TN_ROAD_NUMBEROFLANES_gpkg.zip"
"TN_ROAD_RESTRICTIONFORVEHICLES_gpkg.zip","9991111","H:\Delade enheter\Milj?beslut\GEodata\lastkajen\10096\TN_ROAD_RESTRICTIONFORVEHICLES_gpkg.zip"
"TN_ROAD_OWNERAUTHORITY_gpkg.zip","596239354","H:\Delade enheter\Milj?beslut\GEodata\lastkajen\10096\TN_ROAD_OWNERAUTHORITY_gpkg.zip"
"TN_ROAD_ROAD_gpkg.zip","81012609","H:\Delade enheter\Milj?beslut\GEodata\lastkajen\10096\TN_ROAD_ROAD_gpkg.zip"
"TN_ROAD_SPEEDLIMIT_gpkg.zip","560820771","H:\Delade enheter\Milj?beslut\GEodata\lastkajen\10096\TN_ROAD_SPEEDLIMIT_gpkg.zip"
"TN_ROAD_SURFACECATEGORY_gpkg.zip","601076793","H:\Delade enheter\Milj?beslut\GEodata\lastkajen\10096\TN_ROAD_SURFACECATEGORY_gpkg.zip"
"TN_ROAD_TRAFFICFLOWDIRECTION_gpkg.zip","618072934","H:\Delade enheter\Milj?beslut\GEodata\lastkajen\10096\TN_ROAD_TRAFFICFLOWDIRECTION_gpkg.zip"
"TN_ROAD_VERTICALPOSITION_gpkg.zip","628544700","H:\Delade enheter\Milj?beslut\GEodata\lastkajen\10096\TN_ROAD_VERTICALPOSITION_gpkg.zip"
"TN_ROAD_WIDTH_gpkg.zip","256196995","H:\Delade enheter\Milj?beslut\GEodata\lastkajen\10096\TN_ROAD_WIDTH_gpkg.zip"
"TN_WATERWAY_WATERWAYNODE_gpkg.zip","11014","H:\Delade enheter\Milj?beslut\GEodata\lastkajen\10089\TN_WATERWAY_WATERWAYNODE_gpkg.zip"
"TN_WATERWAY_FERRYCROSSING_gpkg.zip","14048","H:\Delade enheter\Milj?beslut\GEodata\lastkajen\10089\TN_WATERWAY_FERRYCROSSING_gpkg.zip"
"Viltolyckskartor_j?rnv?g_201923_kvitto.xml","664","H:\Delade enheter\Milj?beslut\GEodata\lastkajen\10178\Viltolyckskartor_j?rnv?g_201923_kvitto.xml"
"Viltolyckskartor_j?rnv?g_201923.zip","2315244","H:\Delade enheter\Milj?beslut\GEodata\lastkajen\10178\Viltolyckskartor_j?rnv?g_201923.zip"
"VILTOLYCKSKARTOR_Kronhjort_202024_kvitto.xml","1304","H:\Delade enheter\Milj?beslut\GEodata\lastkajen\10094\VILTOLYCKSKARTOR_Kronhjort_202024_kvitto.xml"
"VILTOLYCKSKARTOR_Vildsvin_202024_kvitto.xml","1302","H:\Delade enheter\Milj?beslut\GEodata\lastkajen\10094\VILTOLYCKSKARTOR_Vildsvin_202024_kvitto.xml"
"VILTOLYCKSKARTOR_R?djur_202024_kvitto.xml","1304","H:\Delade enheter\Milj?beslut\GEodata\lastkajen\10094\VILTOLYCKSKARTOR_R?djur_202024_kvitto.xml"
"VILTOLYCKSKARTOR_?lg_202024_kvitto.xml","1302","H:\Delade enheter\Milj?beslut\GEodata\lastkajen\10094\VILTOLYCKSKARTOR_?lg_202024_kvitto.xml"
"VILTOLYCKSKARTOR_Kl?vvilt_202024_kvitto.xml","1302","H:\Delade enheter\Milj?beslut\GEodata\lastkajen\10094\VILTOLYCKSKARTOR_Kl?vvilt_202024_kvitto.xml"
"VILTOLYCKSKARTOR_Dovhjort_202024_kvitto.xml","1302","H:\Delade enheter\Milj?beslut\GEodata\lastkajen\10094\VILTOLYCKSKARTOR_Dovhjort_202024_kvitto.xml"
"VILTOLYCKSKARTOR_Ren_202024_kvitto.xml","1302","H:\Delade enheter\Milj?beslut\GEodata\lastkajen\10094\VILTOLYCKSKARTOR_Ren_202024_kvitto.xml"
"Viltolyckskartor_dovhjort_202024.zip","40660281","H:\Delade enheter\Milj?beslut\GEodata\lastkajen\10094\Viltolyckskartor_dovhjort_202024.zip"
"Viltolyckskartor_kl?vvilt_202024.zip","78990513","H:\Delade enheter\Milj?beslut\GEodata\lastkajen\10094\Viltolyckskartor_kl?vvilt_202024.zip"
"Viltolyckskartor_kronhjort_202024.zip","36784489","H:\Delade enheter\Milj?beslut\GEodata\lastkajen\10094\Viltolyckskartor_kronhjort_202024.zip"
"Viltolyckskartor_ren_202024.zip","39619442","H:\Delade enheter\Milj?beslut\GEodata\lastkajen\10094\Viltolyckskartor_ren_202024.zip"
"Viltolyckskartor_r?djur_202024.zip","71789724","H:\Delade enheter\Milj?beslut\GEodata\lastkajen\10094\Viltolyckskartor_r?djur_202024.zip"
"Viltolyckskartor_vildsvin_202024.zip","44185499","H:\Delade enheter\Milj?beslut\GEodata\lastkajen\10094\Viltolyckskartor_vildsvin_202024.zip"
"Viltolyckskartor_?lg_202024.zip","45708572","H:\Delade enheter\Milj?beslut\GEodata\lastkajen\10094\Viltolyckskartor_?lg_202024.zip"
"J?rnv?gsn?t_grundegenskaper3_0_GeoPackage_kvitto.xml","184","H:\Delade enheter\Milj?beslut\GEodata\lastkajen\10144\J?rnv?gsn?t_grundegenskaper3_0_GeoPackage_kvitto.xml"
"J?rnv?gsn?t_grundegenskaper2_0_GeoPackage_kvitto.xml","184","H:\Delade enheter\Milj?beslut\GEodata\lastkajen\10144\J?rnv?gsn?t_grundegenskaper2_0_GeoPackage_kvitto.xml"
"J?rnv?gsn?t_grundegenskaper2_0_GeoPackage.zip","7032285","H:\Delade enheter\Milj?beslut\GEodata\lastkajen\10144\J?rnv?gsn?t_grundegenskaper2_0_GeoPackage.zip"
"J?rnv?gsn?t_grundegenskaper3_0_GeoPackage.zip","20442522","H:\Delade enheter\Milj?beslut\GEodata\lastkajen\10144\J?rnv?gsn?t_grundegenskaper3_0_GeoPackage.zip"
"Cykelv?gn?t med grundegenskaper_GeoPackage_kvitto.xml","552","H:\Delade enheter\Milj?beslut\GEodata\lastkajen\10124\Cykelv?gn?t med grundegenskaper_GeoPackage_kvitto.xml"
"Cykelv?gn?t med grundegenskaper_GeoPackage.zip","76546912","H:\Delade enheter\Milj?beslut\GEodata\lastkajen\10124\Cykelv?gn?t med grundegenskaper_GeoPackage.zip"
"Trafikplats_jvg_f?renklad_KML_kvitto.xml","384","H:\Delade enheter\Milj?beslut\GEodata\lastkajen\10091\Trafikplats_jvg_f?renklad_KML_kvitto.xml"
"Trafikplats_jvg_f?renklad_GeoJSON_kvitto.xml","384","H:\Delade enheter\Milj?beslut\GEodata\lastkajen\10091\Trafikplats_jvg_f?renklad_GeoJSON_kvitto.xml"
"Trafikplats_j?rnv?g_GeoPackage.zip","167886","H:\Delade enheter\Milj?beslut\GEodata\lastkajen\10091\Trafikplats_j?rnv?g_GeoPackage.zip"
"Trafikplats_jvg_f?renklad_GeoJSON.zip","82363","H:\Delade enheter\Milj?beslut\GEodata\lastkajen\10091\Trafikplats_jvg_f?renklad_GeoJSON.zip"
"Trafikplats_jvg_f?renklad_KML.zip","158615","H:\Delade enheter\Milj?beslut\GEodata\lastkajen\10091\Trafikplats_jvg_f?renklad_KML.zip"
"Trafikplats_jvg_f?renklad_CSV.zip","42847","H:\Delade enheter\Milj?beslut\GEodata\lastkajen\10091\Trafikplats_jvg_f?renklad_CSV.zip"
"Trafikplats_j?rnv?g_Geopackage_kvitto.xml","191","H:\Delade enheter\Milj?beslut\GEodata\lastkajen\10091\Trafikplats_j?rnv?g_Geopackage_kvitto.xml"
"Trafikplats_jvg_f?renklad_GeoPackage_kvitto.xml","384","H:\Delade enheter\Milj?beslut\GEodata\lastkajen\10091\Trafikplats_jvg_f?renklad_GeoPackage_kvitto.xml"
"Trafikplats_jvg_f?renklad_GPX_kvitto.xml","384","H:\Delade enheter\Milj?beslut\GEodata\lastkajen\10091\Trafikplats_jvg_f?renklad_GPX_kvitto.xml"
"Trafikplats_jvg_f?renklad_CSV_kvitto.xml","384","H:\Delade enheter\Milj?beslut\GEodata\lastkajen\10091\Trafikplats_jvg_f?renklad_CSV_kvitto.xml"
"Trafikplats_jvg_f?renklad_GPX.zip","50565","H:\Delade enheter\Milj?beslut\GEodata\lastkajen\10091\Trafikplats_jvg_f?renklad_GPX.zip"
"Trafikplats_jvg_f?renklad_GeoPackage.zip","122112","H:\Delade enheter\Milj?beslut\GEodata\lastkajen\10091\Trafikplats_jvg_f?renklad_GeoPackage.zip"
"VILTOLYCKSKARTOR_Dovhjort_201620_kvitto.xml","1291","H:\Delade enheter\Milj?beslut\GEodata\lastkajen\10175\VILTOLYCKSKARTOR_Dovhjort_201620_kvitto.xml"
"VILTOLYCKSKARTOR_Dovhjort_201822_kvitto.xml","1291","H:\Delade enheter\Milj?beslut\GEodata\lastkajen\10175\VILTOLYCKSKARTOR_Dovhjort_201822_kvitto.xml"
"VILTOLYCKSKARTOR_?lg_201418_kvitto.xml","1835","H:\Delade enheter\Milj?beslut\GEodata\lastkajen\10175\VILTOLYCKSKARTOR_?lg_201418_kvitto.xml"
"VILTOLYCKSKARTOR_?lg_201317_kvitto.xml","1835","H:\Delade enheter\Milj?beslut\GEodata\lastkajen\10175\VILTOLYCKSKARTOR_?lg_201317_kvitto.xml"
"VILTOLYCKSKARTOR_Dovhjort_201519_kvitto.xml","2218","H:\Delade enheter\Milj?beslut\GEodata\lastkajen\10175\VILTOLYCKSKARTOR_Dovhjort_201519_kvitto.xml"
"VILTOLYCKSKARTOR_Dovhjort_201418_kvitto.xml","1841","H:\Delade enheter\Milj?beslut\GEodata\lastkajen\10175\VILTOLYCKSKARTOR_Dovhjort_201418_kvitto.xml"
"VILTOLYCKSKARTOR_Dovhjort_201317_kvitto.xml","1847","H:\Delade enheter\Milj?beslut\GEodata\lastkajen\10175\VILTOLYCKSKARTOR_Dovhjort_201317_kvitto.xml"
"VILTOLYCKSKARTOR_Vildsvin_201519_kvitto.xml","2216","H:\Delade enheter\Milj?beslut\GEodata\lastkajen\10175\VILTOLYCKSKARTOR_Vildsvin_201519_kvitto.xml"
"VILTOLYCKSKARTOR_Kronhjort_201317_kvitto.xml","1840","H:\Delade enheter\Milj?beslut\GEodata\lastkajen\10175\VILTOLYCKSKARTOR_Kronhjort_201317_kvitto.xml"
"VILTOLYCKSKARTOR_R?djur_201317_kvitto.xml","1838","H:\Delade enheter\Milj?beslut\GEodata\lastkajen\10175\VILTOLYCKSKARTOR_R?djur_201317_kvitto.xml"
"VILTOLYCKSKARTOR_Kl?vvilt_201620_kvitto.xml","1289","H:\Delade enheter\Milj?beslut\GEodata\lastkajen\10175\VILTOLYCKSKARTOR_Kl?vvilt_201620_kvitto.xml"
"VILTOLYCKSKARTOR_Kl?vvilt_201317_kvitto.xml","1834","H:\Delade enheter\Milj?beslut\GEodata\lastkajen\10175\VILTOLYCKSKARTOR_Kl?vvilt_201317_kvitto.xml"
"VILTOLYCKSKARTOR_Vildsvin_201317_kvitto.xml","1839","H:\Delade enheter\Milj?beslut\GEodata\lastkajen\10175\VILTOLYCKSKARTOR_Vildsvin_201317_kvitto.xml"
"VILTOLYCKSKARTOR_?lg_201822_kvitto.xml","1290","H:\Delade enheter\Milj?beslut\GEodata\lastkajen\10175\VILTOLYCKSKARTOR_?lg_201822_kvitto.xml"
"VILTOLYCKSKARTOR_Vildsvin_201620_kvitto.xml","1291","H:\Delade enheter\Milj?beslut\GEodata\lastkajen\10175\VILTOLYCKSKARTOR_Vildsvin_201620_kvitto.xml"
"VILTOLYCKSKARTOR_Kronhjort_201620_kvitto.xml","1291","H:\Delade enheter\Milj?beslut\GEodata\lastkajen\10175\VILTOLYCKSKARTOR_Kronhjort_201620_kvitto.xml"
"VILTOLYCKSKARTOR_Ren_201519_kvitto.xml","2215","H:\Delade enheter\Milj?beslut\GEodata\lastkajen\10175\VILTOLYCKSKARTOR_Ren_201519_kvitto.xml"
"VILTOLYCKSKARTOR_Kl?vvilt_201519_kvitto.xml","2209","H:\Delade enheter\Milj?beslut\GEodata\lastkajen\10175\VILTOLYCKSKARTOR_Kl?vvilt_201519_kvitto.xml"
"VILTOLYCKSKARTOR_Ren_201822_kvitto.xml","1289","H:\Delade enheter\Milj?beslut\GEodata\lastkajen\10175\VILTOLYCKSKARTOR_Ren_201822_kvitto.xml"
"VILTOLYCKSKARTOR_R?djur_201418_kvitto.xml","1838","H:\Delade enheter\Milj?beslut\GEodata\lastkajen\10175\VILTOLYCKSKARTOR_R?djur_201418_kvitto.xml"
"VILTOLYCKSKARTOR_Vildsvin_201822_kvitto.xml","1289","H:\Delade enheter\Milj?beslut\GEodata\lastkajen\10175\VILTOLYCKSKARTOR_Vildsvin_201822_kvitto.xml"
"VILTOLYCKSKARTOR_Ren_201317_kvitto.xml","1835","H:\Delade enheter\Milj?beslut\GEodata\lastkajen\10175\VILTOLYCKSKARTOR_Ren_201317_kvitto.xml"
"VILTOLYCKSKARTOR_R?djur_201822_kvitto.xml","1293","H:\Delade enheter\Milj?beslut\GEodata\lastkajen\10175\VILTOLYCKSKARTOR_R?djur_201822_kvitto.xml"
"VILTOLYCKSKARTOR_Kronhjort_201822_kvitto.xml","1291","H:\Delade enheter\Milj?beslut\GEodata\lastkajen\10175\VILTOLYCKSKARTOR_Kronhjort_201822_kvitto.xml"
"VILTOLYCKSKARTOR_Vildsvin_201418_kvitto.xml","1839","H:\Delade enheter\Milj?beslut\GEodata\lastkajen\10175\VILTOLYCKSKARTOR_Vildsvin_201418_kvitto.xml"
"VILTOLYCKSKARTOR_Kl?vvilt_201822_kvitto.xml","1289","H:\Delade enheter\Milj?beslut\GEodata\lastkajen\10175\VILTOLYCKSKARTOR_Kl?vvilt_201822_kvitto.xml"
"VILTOLYCKSKARTOR_Ren_201418_kvitto.xml","1834","H:\Delade enheter\Milj?beslut\GEodata\lastkajen\10175\VILTOLYCKSKARTOR_Ren_201418_kvitto.xml"
"VILTOLYCKSKARTOR_Ren_201620_kvitto.xml","1295","H:\Delade enheter\Milj?beslut\GEodata\lastkajen\10175\VILTOLYCKSKARTOR_Ren_201620_kvitto.xml"
"VILTOLYCKSKARTOR_Kronhjort_201519_kvitto.xml","2217","H:\Delade enheter\Milj?beslut\GEodata\lastkajen\10175\VILTOLYCKSKARTOR_Kronhjort_201519_kvitto.xml"
"VILTOLYCKSKARTOR_?lg_201519_kvitto.xml","2212","H:\Delade enheter\Milj?beslut\GEodata\lastkajen\10175\VILTOLYCKSKARTOR_?lg_201519_kvitto.xml"
"VILTOLYCKSKARTOR_Kl?vvilt_201418_kvitto.xml","1834","H:\Delade enheter\Milj?beslut\GEodata\lastkajen\10175\VILTOLYCKSKARTOR_Kl?vvilt_201418_kvitto.xml"
"VILTOLYCKSKARTOR_Kronhjort_201418_kvitto.xml","1840","H:\Delade enheter\Milj?beslut\GEodata\lastkajen\10175\VILTOLYCKSKARTOR_Kronhjort_201418_kvitto.xml"
"VILTOLYCKSKARTOR_R?djur_201620_kvitto.xml","1293","H:\Delade enheter\Milj?beslut\GEodata\lastkajen\10175\VILTOLYCKSKARTOR_R?djur_201620_kvitto.xml"
"VILTOLYCKSKARTOR_R?djur_201519_kvitto.xml","2217","H:\Delade enheter\Milj?beslut\GEodata\lastkajen\10175\VILTOLYCKSKARTOR_R?djur_201519_kvitto.xml"
"VILTOLYCKSKARTOR_?lg_201620_kvitto.xml","1290","H:\Delade enheter\Milj?beslut\GEodata\lastkajen\10175\VILTOLYCKSKARTOR_?lg_201620_kvitto.xml"
"VILTOLYCKSKARTOR_?lg_201317.zip","283354998","H:\Delade enheter\Milj?beslut\GEodata\lastkajen\10175\VILTOLYCKSKARTOR_?lg_201317.zip"
"VILTOLYCKSKARTOR_?lg_201418.zip","289986523","H:\Delade enheter\Milj?beslut\GEodata\lastkajen\10175\VILTOLYCKSKARTOR_?lg_201418.zip"
"VILTOLYCKSKARTOR_Dovhjort_201317.zip","74461101","H:\Delade enheter\Milj?beslut\GEodata\lastkajen\10175\VILTOLYCKSKARTOR_Dovhjort_201317.zip"
"VILTOLYCKSKARTOR_Dovhjort_201418.zip","79346209","H:\Delade enheter\Milj?beslut\GEodata\lastkajen\10175\VILTOLYCKSKARTOR_Dovhjort_201418.zip"
"Viltolyckskartor_Dovhjort_201620.zip","85262556","H:\Delade enheter\Milj?beslut\GEodata\lastkajen\10175\Viltolyckskartor_Dovhjort_201620.zip"
"Viltolyckskartor_dovhjort_201822.zip","100826225","H:\Delade enheter\Milj?beslut\GEodata\lastkajen\10175\Viltolyckskartor_dovhjort_201822.zip"
"VILTOLYCKSKARTOR_Kl?vvilt_201317.zip","510445124","H:\Delade enheter\Milj?beslut\GEodata\lastkajen\10175\VILTOLYCKSKARTOR_Kl?vvilt_201317.zip"
"VILTOLYCKSKARTOR_Dovhjort_201519.zip","84570912","H:\Delade enheter\Milj?beslut\GEodata\lastkajen\10175\VILTOLYCKSKARTOR_Dovhjort_201519.zip"
"VILTOLYCKSKARTOR_Kl?vvilt_201418.zip","524675098","H:\Delade enheter\Milj?beslut\GEodata\lastkajen\10175\VILTOLYCKSKARTOR_Kl?vvilt_201418.zip"
"VILTOLYCKSKARTOR_Kl?vvilt_201519.zip","541867874","H:\Delade enheter\Milj?beslut\GEodata\lastkajen\10175\VILTOLYCKSKARTOR_Kl?vvilt_201519.zip"
"Viltolyckskartor_Kl?vvilt_201620.zip","538322239","H:\Delade enheter\Milj?beslut\GEodata\lastkajen\10175\Viltolyckskartor_Kl?vvilt_201620.zip"
"Viltolyckskartor_kl?vvilt_201822.zip","487772942","H:\Delade enheter\Milj?beslut\GEodata\lastkajen\10175\Viltolyckskartor_kl?vvilt_201822.zip"
"VILTOLYCKSKARTOR_Kronhjort_201418.zip","47061620","H:\Delade enheter\Milj?beslut\GEodata\lastkajen\10175\VILTOLYCKSKARTOR_Kronhjort_201418.zip"
"VILTOLYCKSKARTOR_Kronhjort_201317.zip","45902699","H:\Delade enheter\Milj?beslut\GEodata\lastkajen\10175\VILTOLYCKSKARTOR_Kronhjort_201317.zip"
"VILTOLYCKSKARTOR_Kronhjort_201519.zip","48003929","H:\Delade enheter\Milj?beslut\GEodata\lastkajen\10175\VILTOLYCKSKARTOR_Kronhjort_201519.zip"
"Viltolyckskartor_Kronhjort_201620.zip","46232504","H:\Delade enheter\Milj?beslut\GEodata\lastkajen\10175\Viltolyckskartor_Kronhjort_201620.zip"
"Viltolyckskartor_kronhjort_201822.zip","62229564","H:\Delade enheter\Milj?beslut\GEodata\lastkajen\10175\Viltolyckskartor_kronhjort_201822.zip"
"VILTOLYCKSKARTOR_R?djur_201317.zip","438714579","H:\Delade enheter\Milj?beslut\GEodata\lastkajen\10175\VILTOLYCKSKARTOR_R?djur_201317.zip"
"VILTOLYCKSKARTOR_R?djur_201418.zip","450086029","H:\Delade enheter\Milj?beslut\GEodata\lastkajen\10175\VILTOLYCKSKARTOR_R?djur_201418.zip"
"VILTOLYCKSKARTOR_Ren_201317.zip","80932325","H:\Delade enheter\Milj?beslut\GEodata\lastkajen\10175\VILTOLYCKSKARTOR_Ren_201317.zip"
"VILTOLYCKSKARTOR_Ren_201418.zip","85891699","H:\Delade enheter\Milj?beslut\GEodata\lastkajen\10175\VILTOLYCKSKARTOR_Ren_201418.zip"
"VILTOLYCKSKARTOR_Ren_201519.zip","93200057","H:\Delade enheter\Milj?beslut\GEodata\lastkajen\10175\VILTOLYCKSKARTOR_Ren_201519.zip"
"Viltolyckskartor_Ren_201620.zip","93087231","H:\Delade enheter\Milj?beslut\GEodata\lastkajen\10175\Viltolyckskartor_Ren_201620.zip"
"Viltolyckskartor_ren_201822.zip","101374049","H:\Delade enheter\Milj?beslut\GEodata\lastkajen\10175\Viltolyckskartor_ren_201822.zip"
"VILTOLYCKSKARTOR_R?djur_201519.zip","462523368","H:\Delade enheter\Milj?beslut\GEodata\lastkajen\10175\VILTOLYCKSKARTOR_R?djur_201519.zip"
"Viltolyckskartor_R?djur_201620.zip","462445376","H:\Delade enheter\Milj?beslut\GEodata\lastkajen\10175\Viltolyckskartor_R?djur_201620.zip"
"Viltolyckskartor_r?djur_201822.zip","424686502","H:\Delade enheter\Milj?beslut\GEodata\lastkajen\10175\Viltolyckskartor_r?djur_201822.zip"
"VILTOLYCKSKARTOR_Vildsvin_201317.zip","157006154","H:\Delade enheter\Milj?beslut\GEodata\lastkajen\10175\VILTOLYCKSKARTOR_Vildsvin_201317.zip"
"VILTOLYCKSKARTOR_Vildsvin_201418.zip","167381738","H:\Delade enheter\Milj?beslut\GEodata\lastkajen\10175\VILTOLYCKSKARTOR_Vildsvin_201418.zip"
"VILTOLYCKSKARTOR_Vildsvin_201519.zip","179824447","H:\Delade enheter\Milj?beslut\GEodata\lastkajen\10175\VILTOLYCKSKARTOR_Vildsvin_201519.zip"
"Viltolyckskartor_Vildsvin_201620.zip","183980602","H:\Delade enheter\Milj?beslut\GEodata\lastkajen\10175\Viltolyckskartor_Vildsvin_201620.zip"
"Viltolyckskartor_vildsvin_201822.zip","184917082","H:\Delade enheter\Milj?beslut\GEodata\lastkajen\10175\Viltolyckskartor_vildsvin_201822.zip"
"VILTOLYCKSKARTOR_?lg_201519.zip","299187032","H:\Delade enheter\Milj?beslut\GEodata\lastkajen\10175\VILTOLYCKSKARTOR_?lg_201519.zip"
"Viltolyckskartor_?lg_201620.zip","286587692","H:\Delade enheter\Milj?beslut\GEodata\lastkajen\10175\Viltolyckskartor_?lg_201620.zip"
"Viltolyckskartor_?lg_201822.zip","260303993","H:\Delade enheter\Milj?beslut\GEodata\lastkajen\10175\Viltolyckskartor_?lg_201822.zip"
"andelsanalys_skogliga_v?rdek?rnor_av_skogsmark_1000m_radie.tif","420961907","H:\Delade enheter\Milj?beslut\GEodata\Raster\COG\NMD\andelsanalys_skogliga_v?rdek?rnor_av_skogsmark_1000m_radie.tif"
"andelsanalys_skogliga_v?rdek?rnor_av_skogsmark_3000m_radie.tif","286199463","H:\Delade enheter\Milj?beslut\GEodata\Raster\COG\NMD\andelsanalys_skogliga_v?rdek?rnor_av_skogsmark_3000m_radie.tif"
"andelsanalys_skogliga_v?rdek?rnor_av_skogsmark_5000m_radie.tif","247921860","H:\Delade enheter\Milj?beslut\GEodata\Raster\COG\NMD\andelsanalys_skogliga_v?rdek?rnor_av_skogsmark_5000m_radie.tif"
"t?thetsanalys_skogliga_v?rdek?rnor_1000m_radie.tif","351279462","H:\Delade enheter\Milj?beslut\GEodata\Raster\COG\NMD\t?thetsanalys_skogliga_v?rdek?rnor_1000m_radie.tif"
"t?thetsanalys_skogliga_v?rdek?rnor_3000m_radie.tif","217087823","H:\Delade enheter\Milj?beslut\GEodata\Raster\COG\NMD\t?thetsanalys_skogliga_v?rdek?rnor_3000m_radie.tif"
"t?thetsanalys_skogliga_v?rdek?rnor_5000m_radie.tif","178783384","H:\Delade enheter\Milj?beslut\GEodata\Raster\COG\NMD\t?thetsanalys_skogliga_v?rdek?rnor_5000m_radie.tif"
"t?thetsanalys_barrdominerad_skog_v?rdek?rnor_0500m.tif","432228677","H:\Delade enheter\Milj?beslut\GEodata\Raster\COG\NMD\t?thetsanalys_barrdominerad_skog_v?rdek?rnor_0500m.tif"
"t?thetsanalys_barrdominerad_skog_v?rdek?rnor_1000m.tif","319219360","H:\Delade enheter\Milj?beslut\GEodata\Raster\COG\NMD\t?thetsanalys_barrdominerad_skog_v?rdek?rnor_1000m.tif"
